symbol,date,close
MMM,2016-04-01,167.53
MMM,2016-05-02,168.34
MMM,2016-06-01,168.69
MMM,2016-07-01,175.54
MMM,2016-08-01,178.29
MMM,2016-09-01,179.98
MMM,2016-10-03,175.04
MMM,2016-11-01,164.25
MMM,2016-12-01,172.63
MMM,2017-01-03,178.05
MMM,2017-02-01,175.17
MMM,2017-03-01,189.86
MMM,2017-04-03,190.72
MMM,2017-05-01,194.81
MMM,2017-06-01,204.35
MMM,2017-07-03,209.83
MMM,2017-08-01,203.18
MMM,2017-09-01,203.56
MMM,2017-10-02,212.76
MMM,2017-11-01,230.18
MMM,2017-12-01,241.15
MMM,2018-01-02,235.64
MMM,2018-02-01,247.94
MMM,2018-03-01,231.34
MMM,2018-04-02,212.62
MMM,2018-05-01,195.02
MMM,2018-06-01,199.59
MMM,2018-07-02,195.52
MMM,2018-08-01,207.05
MMM,2018-09-04,208.6
MMM,2018-10-01,212.19
MMM,2018-11-01,192.22
MMM,2018-12-03,208.76
MMM,2019-01-02,190.95
MMM,2019-02-01,199.16
MMM,2019-03-01,207.49
MMM,2019-04-01,211.94
MMM,2019-05-01,186.07
AXP,2016-04-01,61.1
AXP,2016-05-02,65.68
AXP,2016-06-01,65.91
AXP,2016-07-01,60.69
AXP,2016-08-01,64.13
AXP,2016-09-01,64.86
AXP,2016-10-03,63.81
AXP,2016-11-01,66.25
AXP,2016-12-01,72.53
AXP,2017-01-03,75.35
AXP,2017-02-01,76.76
AXP,2017-03-01,81.92
AXP,2017-04-03,78.59
AXP,2017-05-01,79.23
AXP,2017-06-01,78.28
AXP,2017-07-03,85.1
AXP,2017-08-01,85.24
AXP,2017-09-01,86.14
AXP,2017-10-02,90.54
AXP,2017-11-01,95.79
AXP,2017-12-01,97.86
AXP,2018-01-02,98.94
AXP,2018-02-01,100.0
AXP,2018-03-01,95.14
AXP,2018-04-02,91.0
AXP,2018-05-01,98.58
AXP,2018-06-01,98.25
AXP,2018-07-02,99.0
AXP,2018-08-01,99.45
AXP,2018-09-04,107.01
AXP,2018-10-01,107.9
AXP,2018-11-01,104.04
AXP,2018-12-03,112.36
AXP,2019-01-02,95.68
AXP,2019-02-01,103.06
AXP,2019-03-01,108.9
AXP,2019-04-01,111.7
AXP,2019-05-01,117.02
AAPL,2016-04-01,109.99
AAPL,2016-05-02,93.64
AAPL,2016-06-01,98.46
AAPL,2016-07-01,95.89
AAPL,2016-08-01,106.05
AAPL,2016-09-01,106.73
AAPL,2016-10-03,112.52
AAPL,2016-11-01,111.49
AAPL,2016-12-01,109.49
AAPL,2017-01-03,116.15
AAPL,2017-02-01,128.75
AAPL,2017-03-01,139.79
AAPL,2017-04-03,143.7
AAPL,2017-05-01,146.58
AAPL,2017-06-01,153.18
AAPL,2017-07-03,143.5
AAPL,2017-08-01,150.05
AAPL,2017-09-01,164.05
AAPL,2017-10-02,153.81
AAPL,2017-11-01,166.89
AAPL,2017-12-01,171.05
AAPL,2018-01-02,172.26
AAPL,2018-02-01,167.78
AAPL,2018-03-01,175.0
AAPL,2018-04-02,166.68
AAPL,2018-05-01,169.1
AAPL,2018-06-01,190.24
AAPL,2018-07-02,187.18
AAPL,2018-08-01,201.5
AAPL,2018-09-04,228.36
AAPL,2018-10-01,227.26
AAPL,2018-11-01,222.22
AAPL,2018-12-03,184.82
AAPL,2019-01-02,157.92
AAPL,2019-02-01,166.52
AAPL,2019-03-01,174.97
AAPL,2019-04-01,191.24
AAPL,2019-05-01,210.52
BA,2016-04-01,126.96
BA,2016-05-02,134.01
BA,2016-06-01,126.41
BA,2016-07-01,129.69
BA,2016-08-01,133.21
BA,2016-09-01,129.9
BA,2016-10-03,132.38
BA,2016-11-01,142.41
BA,2016-12-01,152.39
BA,2017-01-03,156.97
BA,2017-02-01,163.97
BA,2017-03-01,183.91
BA,2017-04-03,176.65
BA,2017-05-01,182.39
BA,2017-06-01,187.32
BA,2017-07-03,198.59
BA,2017-08-01,239.44
BA,2017-09-01,240.33
BA,2017-10-02,255.99
BA,2017-11-01,258.5
BA,2017-12-01,271.38
BA,2018-01-02,296.84
BA,2018-02-01,356.94
BA,2018-03-01,349.69
BA,2018-04-02,322.44
BA,2018-05-01,329.54
BA,2018-06-01,356.72
BA,2018-07-02,336.08
BA,2018-08-01,352.76
BA,2018-09-04,346.25
BA,2018-10-01,382.29
BA,2018-11-01,363.07
BA,2018-12-03,359.96
BA,2019-01-02,323.81
BA,2019-02-01,387.43
BA,2019-03-01,440.62
BA,2019-04-01,391.54
BA,2019-05-01,376.8
CAT,2016-04-01,76.79
CAT,2016-05-02,77.84
CAT,2016-06-01,72.27
CAT,2016-07-01,76.45
CAT,2016-08-01,81.95
CAT,2016-09-01,81.45
CAT,2016-10-03,88.28
CAT,2016-11-01,82.24
CAT,2016-12-01,96.24
CAT,2017-01-03,93.99
CAT,2017-02-01,95.11
CAT,2017-03-01,98.58
CAT,2017-04-03,92.27
CAT,2017-05-01,102.0
CAT,2017-06-01,105.65
CAT,2017-07-03,106.97
CAT,2017-08-01,113.1
CAT,2017-09-01,118.28
CAT,2017-10-02,124.72
CAT,2017-11-01,136.29
CAT,2017-12-01,141.52
CAT,2018-01-02,157.04
CAT,2018-02-01,162.24
CAT,2018-03-01,150.23
CAT,2018-04-02,143.89
CAT,2018-05-01,144.42
CAT,2018-06-01,153.52
CAT,2018-07-02,136.29
CAT,2018-08-01,138.54
CAT,2018-09-04,138.24
CAT,2018-10-01,152.28
CAT,2018-11-01,124.7
CAT,2018-12-03,138.95
CAT,2019-01-02,126.38
CAT,2019-02-01,130.91
CAT,2019-03-01,137.47
CAT,2019-04-01,140.25
CAT,2019-05-01,138.15
CVX,2016-04-01,94.26
CVX,2016-05-02,103.31
CVX,2016-06-01,101.13
CVX,2016-07-01,104.15
CVX,2016-08-01,99.11
CVX,2016-09-01,100.21
CVX,2016-10-03,102.45
CVX,2016-11-01,106.48
CVX,2016-12-01,113.29
CVX,2017-01-03,117.85
CVX,2017-02-01,111.0
CVX,2017-03-01,113.88
CVX,2017-04-03,107.8
CVX,2017-05-01,105.92
CVX,2017-06-01,104.27
CVX,2017-07-03,106.3
CVX,2017-08-01,110.78
CVX,2017-09-01,108.76
CVX,2017-10-02,117.43
CVX,2017-11-01,115.9
CVX,2017-12-01,119.51
CVX,2018-01-02,127.58
CVX,2018-02-01,125.57
CVX,2018-03-01,112.04
CVX,2018-04-02,112.24
CVX,2018-05-01,124.86
CVX,2018-06-01,123.85
CVX,2018-07-02,124.25
CVX,2018-08-01,125.39
CVX,2018-09-04,118.87
CVX,2018-10-01,124.39
CVX,2018-11-01,111.17
CVX,2018-12-03,120.67
CVX,2019-01-02,110.69
CVX,2019-02-01,118.37
CVX,2019-03-01,122.03
CVX,2019-04-01,124.94
CVX,2019-05-01,117.81
CSCO,2016-04-01,28.69
CSCO,2016-05-02,27.37
CSCO,2016-06-01,28.9
CSCO,2016-07-01,28.8
CSCO,2016-08-01,30.73
CSCO,2016-09-01,31.58
CSCO,2016-10-03,31.5
CSCO,2016-11-01,30.48
CSCO,2016-12-01,29.45
CSCO,2017-01-03,30.54
CSCO,2017-02-01,30.5
CSCO,2017-03-01,34.44
CSCO,2017-04-03,33.58
CSCO,2017-05-01,33.97
CSCO,2017-06-01,31.82
CSCO,2017-07-03,31.33
CSCO,2017-08-01,31.65
CSCO,2017-09-01,32.3
CSCO,2017-10-02,33.75
CSCO,2017-11-01,34.62
CSCO,2017-12-01,37.6
CSCO,2018-01-02,38.86
CSCO,2018-02-01,41.7
CSCO,2018-03-01,43.8
CSCO,2018-04-02,41.01
CSCO,2018-05-01,44.83
CSCO,2018-06-01,43.66
CSCO,2018-07-02,42.81
CSCO,2018-08-01,41.86
CSCO,2018-09-04,47.73
CSCO,2018-10-01,48.87
CSCO,2018-11-01,45.65
CSCO,2018-12-03,48.74
CSCO,2019-01-02,42.95
CSCO,2019-02-01,47.34
CSCO,2019-03-01,51.41
CSCO,2019-04-01,54.98
CSCO,2019-05-01,55.58
KO,2016-04-01,46.83
KO,2016-05-02,44.98
KO,2016-06-01,44.7
KO,2016-07-01,45.12
KO,2016-08-01,43.45
KO,2016-09-01,43.35
KO,2016-10-03,42.03
KO,2016-11-01,42.12
KO,2016-12-01,40.17
KO,2017-01-03,41.8
KO,2017-02-01,41.26
KO,2017-03-01,42.16
KO,2017-04-03,42.41
KO,2017-05-01,43.22
KO,2017-06-01,45.79
KO,2017-07-03,44.76
KO,2017-08-01,45.7
KO,2017-09-01,45.78
KO,2017-10-02,44.8
KO,2017-11-01,45.8
KO,2017-12-01,45.97
KO,2018-01-02,45.54
KO,2018-02-01,47.45
KO,2018-03-01,43.43
KO,2018-04-02,42.67
KO,2018-05-01,42.59
KO,2018-06-01,43.12
KO,2018-07-02,43.75
KO,2018-08-01,46.39
KO,2018-09-04,44.76
KO,2018-10-01,46.23
KO,2018-11-01,47.74
KO,2018-12-03,49.69
KO,2019-01-02,46.93
KO,2019-02-01,48.7
KO,2019-03-01,45.38
KO,2019-04-01,46.72
KO,2019-05-01,48.59
DWDP,2016-04-01,34.39
DWDP,2016-05-02,35.41
DWDP,2016-06-01,34.69
DWDP,2016-07-01,33.32
DWDP,2016-08-01,36.08
DWDP,2016-09-01,36.18
DWDP,2016-10-03,35.25
DWDP,2016-11-01,36.17
DWDP,2016-12-01,37.73
DWDP,2017-01-03,38.74
DWDP,2017-02-01,40.55
DWDP,2017-03-01,42.68
DWDP,2017-04-03,42.41
DWDP,2017-05-01,42.04
DWDP,2017-06-01,42.21
DWDP,2017-07-03,43.0
DWDP,2017-08-01,43.5
DWDP,2017-09-01,45.18
DWDP,2017-10-02,47.36
DWDP,2017-11-01,49.31
DWDP,2017-12-01,47.75
DWDP,2018-01-02,48.35
DWDP,2018-02-01,49.43
DWDP,2018-03-01,46.24
DWDP,2018-04-02,41.72
DWDP,2018-05-01,42.41
DWDP,2018-06-01,44.5
DWDP,2018-07-02,44.23
DWDP,2018-08-01,45.7
DWDP,2018-09-04,46.89
DWDP,2018-10-01,43.59
DWDP,2018-11-01,39.19
DWDP,2018-12-03,39.78
DWDP,2019-01-02,36.66
DWDP,2019-02-01,35.96
DWDP,2019-03-01,35.87
DWDP,2019-04-01,36.6
DWDP,2019-05-01,37.31
XOM,2016-04-01,82.96
XOM,2016-05-02,89.13
XOM,2016-06-01,89.24
XOM,2016-07-01,93.84
XOM,2016-08-01,85.86
XOM,2016-09-01,86.84
XOM,2016-10-03,87.05
XOM,2016-11-01,83.65
XOM,2016-12-01,87.24
XOM,2017-01-03,90.89
XOM,2017-02-01,82.94
XOM,2017-03-01,83.02
XOM,2017-04-03,82.07
XOM,2017-05-01,82.06
XOM,2017-06-01,80.7
XOM,2017-07-03,82.1
XOM,2017-08-01,80.17
XOM,2017-09-01,76.57
XOM,2017-10-02,81.63
XOM,2017-11-01,83.87
XOM,2017-12-01,83.46
XOM,2018-01-02,85.03
XOM,2018-02-01,89.07
XOM,2018-03-01,75.2
XOM,2018-04-02,73.22
XOM,2018-05-01,76.95
XOM,2018-06-01,81.83
XOM,2018-07-02,81.76
XOM,2018-08-01,80.39
XOM,2018-09-04,80.29
XOM,2018-10-01,85.81
XOM,2018-11-01,80.67
XOM,2018-12-03,81.22
XOM,2019-01-02,69.69
XOM,2019-02-01,75.92
XOM,2019-03-01,80.0
XOM,2019-04-01,81.73
XOM,2019-05-01,78.67
GS,2016-04-01,159.82
GS,2016-05-02,166.18
GS,2016-06-01,159.97
GS,2016-07-01,148.25
GS,2016-08-01,158.18
GS,2016-09-01,168.51
GS,2016-10-03,161.07
GS,2016-11-01,178.06
GS,2016-12-01,226.63
GS,2017-01-03,241.57
GS,2017-02-01,230.67
GS,2017-03-01,252.71
GS,2017-04-03,228.96
GS,2017-05-01,224.85
GS,2017-06-01,215.01
GS,2017-07-03,227.28
GS,2017-08-01,227.0
GS,2017-09-01,225.88
GS,2017-10-02,240.65
GS,2017-11-01,244.26
GS,2017-12-01,248.95
GS,2018-01-02,255.67
GS,2018-02-01,272.23
GS,2018-03-01,256.78
GS,2018-04-02,247.35
GS,2018-05-01,236.67
GS,2018-06-01,228.35
GS,2018-07-02,223.26
GS,2018-08-01,236.04
GS,2018-09-04,237.66
GS,2018-10-01,225.33
GS,2018-11-01,226.97
GS,2018-12-03,191.63
GS,2019-01-02,172.03
GS,2019-02-01,196.54
GS,2019-03-01,198.2
GS,2019-04-01,196.74
GS,2019-05-01,204.73
HD,2016-04-01,134.85
HD,2016-05-02,136.05
HD,2016-06-01,131.83
HD,2016-07-01,129.62
HD,2016-08-01,138.77
HD,2016-09-01,134.23
HD,2016-10-03,128.5
HD,2016-11-01,119.89
HD,2016-12-01,129.47
HD,2017-01-03,134.31
HD,2017-02-01,137.44
HD,2017-03-01,146.68
HD,2017-04-03,146.62
HD,2017-05-01,154.21
HD,2017-06-01,155.15
HD,2017-07-03,154.01
HD,2017-08-01,149.85
HD,2017-09-01,150.78
HD,2017-10-02,164.02
HD,2017-11-01,165.38
HD,2017-12-01,180.42
HD,2018-01-02,188.03
HD,2018-02-01,199.9
HD,2018-03-01,179.64
HD,2018-04-02,172.9
HD,2018-05-01,184.63
HD,2018-06-01,187.35
HD,2018-07-02,194.02
HD,2018-08-01,196.3
HD,2018-09-04,205.08
HD,2018-10-01,207.6
HD,2018-11-01,180.46
HD,2018-12-03,181.74
HD,2019-01-02,172.41
HD,2019-02-01,184.37
HD,2019-03-01,185.17
HD,2019-04-01,195.64
HD,2019-05-01,198.8
IBM,2016-04-01,152.52
IBM,2016-05-02,145.27
IBM,2016-06-01,152.51
IBM,2016-07-01,152.35
IBM,2016-08-01,161.45
IBM,2016-09-01,159.54
IBM,2016-10-03,157.61
IBM,2016-11-01,152.79
IBM,2016-12-01,159.82
IBM,2017-01-03,167.19
IBM,2017-02-01,174.29
IBM,2017-03-01,181.95
IBM,2017-04-03,174.5
IBM,2017-05-01,158.84
IBM,2017-06-01,152.67
IBM,2017-07-03,155.58
IBM,2017-08-01,145.3
IBM,2017-09-01,144.08
IBM,2017-10-02,146.66
IBM,2017-11-01,154.03
IBM,2017-12-01,154.76
IBM,2018-01-02,154.25
IBM,2018-02-01,162.4
IBM,2018-03-01,153.81
IBM,2018-04-02,150.07
IBM,2018-05-01,145.0
IBM,2018-06-01,141.95
IBM,2018-07-02,139.86
IBM,2018-08-01,143.5
IBM,2018-09-04,145.68
IBM,2018-10-01,153.0
IBM,2018-11-01,116.83
IBM,2018-12-03,125.31
IBM,2019-01-02,115.21
IBM,2019-02-01,134.1
IBM,2019-03-01,139.2
IBM,2019-04-01,143.3
IBM,2019-05-01,140.56
INTC,2016-04-01,32.45
INTC,2016-05-02,30.61
INTC,2016-06-01,31.66
INTC,2016-07-01,32.75
INTC,2016-08-01,34.85
INTC,2016-09-01,36.02
INTC,2016-10-03,37.66
INTC,2016-11-01,34.52
INTC,2016-12-01,33.76
INTC,2017-01-03,36.6
INTC,2017-02-01,36.52
INTC,2017-03-01,35.93
INTC,2017-04-03,36.16
INTC,2017-05-01,36.31
INTC,2017-06-01,36.12
INTC,2017-07-03,33.46
INTC,2017-08-01,36.35
INTC,2017-09-01,35.09
INTC,2017-10-02,39.04
INTC,2017-11-01,46.71
INTC,2017-12-01,44.68
INTC,2018-01-02,46.85
INTC,2018-02-01,47.65
INTC,2018-03-01,47.84
INTC,2018-04-02,48.92
INTC,2018-05-01,53.33
INTC,2018-06-01,57.08
INTC,2018-07-02,50.2
INTC,2018-08-01,48.81
INTC,2018-09-04,47.96
INTC,2018-10-01,46.45
INTC,2018-11-01,48.22
INTC,2018-12-03,50.13
INTC,2019-01-02,47.08
INTC,2019-02-01,48.73
INTC,2019-03-01,53.3
INTC,2019-04-01,54.51
INTC,2019-05-01,50.76
JNJ,2016-04-01,109.19
JNJ,2016-05-02,112.75
JNJ,2016-06-01,112.78
JNJ,2016-07-01,121.29
JNJ,2016-08-01,125.4
JNJ,2016-09-01,119.08
JNJ,2016-10-03,118.81
JNJ,2016-11-01,115.34
JNJ,2016-12-01,111.38
JNJ,2017-01-03,115.84
JNJ,2017-02-01,113.23
JNJ,2017-03-01,123.86
JNJ,2017-04-03,124.69
JNJ,2017-05-01,123.34
JNJ,2017-06-01,128.78
JNJ,2017-07-03,132.9
JNJ,2017-08-01,132.51
JNJ,2017-09-01,131.03
JNJ,2017-10-02,131.22
JNJ,2017-11-01,139.98
JNJ,2017-12-01,139.98
JNJ,2018-01-02,139.23
JNJ,2018-02-01,140.02
JNJ,2018-03-01,127.28
JNJ,2018-04-02,124.56
JNJ,2018-05-01,126.01
JNJ,2018-06-01,121.26
JNJ,2018-07-02,121.58
JNJ,2018-08-01,132.64
JNJ,2018-09-04,133.72
JNJ,2018-10-01,139.69
JNJ,2018-11-01,140.82
JNJ,2018-12-03,146.21
JNJ,2019-01-02,127.75
JNJ,2019-02-01,134.2
JNJ,2019-03-01,138.35
JNJ,2019-04-01,138.98
JNJ,2019-05-01,141.95
JPM,2016-04-01,59.87
JPM,2016-05-02,63.79
JPM,2016-06-01,65.69
JPM,2016-07-01,61.26
JPM,2016-08-01,63.8
JPM,2016-09-01,67.21
JPM,2016-10-03,66.51
JPM,2016-11-01,68.97
JPM,2016-12-01,81.79
JPM,2017-01-03,87.23
JPM,2017-02-01,84.95
JPM,2017-03-01,93.6
JPM,2017-04-03,87.52
JPM,2017-05-01,87.06
JPM,2017-06-01,83.06
JPM,2017-07-03,92.75
JPM,2017-08-01,93.03
JPM,2017-09-01,91.7
JPM,2017-10-02,96.84
JPM,2017-11-01,100.92
JPM,2017-12-01,104.79
JPM,2018-01-02,107.95
JPM,2018-02-01,116.87
JPM,2018-03-01,113.43
JPM,2018-04-02,107.85
JPM,2018-05-01,108.78
JPM,2018-06-01,108.4
JPM,2018-07-02,105.08
JPM,2018-08-01,115.66
JPM,2018-09-04,115.15
JPM,2018-10-01,113.5
JPM,2018-11-01,108.98
JPM,2018-12-03,112.24
JPM,2019-01-02,99.31
JPM,2019-02-01,103.88
JPM,2019-03-01,104.43
JPM,2019-04-01,104.64
JPM,2019-05-01,115.16
MCD,2016-04-01,127.02
MCD,2016-05-02,128.2
MCD,2016-06-01,121.97
MCD,2016-07-01,120.4
MCD,2016-08-01,118.01
MCD,2016-09-01,115.4
MCD,2016-10-03,114.64
MCD,2016-11-01,112.25
MCD,2016-12-01,118.47
MCD,2017-01-03,119.62
MCD,2017-02-01,122.42
MCD,2017-03-01,129.05
MCD,2017-04-03,129.61
MCD,2017-05-01,141.15
MCD,2017-06-01,152.39
MCD,2017-07-03,152.5
MCD,2017-08-01,154.04
MCD,2017-09-01,159.81
MCD,2017-10-02,156.96
MCD,2017-11-01,166.37
MCD,2017-12-01,172.87
MCD,2018-01-02,173.22
MCD,2018-02-01,171.9
MCD,2018-03-01,155.7
MCD,2018-04-02,157.72
MCD,2018-05-01,163.44
MCD,2018-06-01,159.16
MCD,2018-07-02,156.87
MCD,2018-08-01,156.92
MCD,2018-09-04,161.72
MCD,2018-10-01,166.67
MCD,2018-11-01,174.88
MCD,2018-12-03,185.37
MCD,2019-01-02,176.06
MCD,2019-02-01,176.72
MCD,2019-03-01,185.05
MCD,2019-04-01,188.39
MCD,2019-05-01,194.17
MRK,2016-04-01,53.7
MRK,2016-05-02,55.3
MRK,2016-06-01,56.33
MRK,2016-07-01,57.94
MRK,2016-08-01,58.66
MRK,2016-09-01,62.9
MRK,2016-10-03,62.52
MRK,2016-11-01,59.3
MRK,2016-12-01,60.76
MRK,2017-01-03,60.15
MRK,2017-02-01,62.1
MRK,2017-03-01,66.21
MRK,2017-04-03,63.47
MRK,2017-05-01,62.38
MRK,2017-06-01,65.26
MRK,2017-07-03,64.27
MRK,2017-08-01,63.92
MRK,2017-09-01,63.83
MRK,2017-10-02,64.55
MRK,2017-11-01,55.34
MRK,2017-12-01,55.87
MRK,2018-01-02,56.22
MRK,2018-02-01,59.86
MRK,2018-03-01,53.7
MRK,2018-04-02,53.27
MRK,2018-05-01,57.98
MRK,2018-06-01,60.56
MRK,2018-07-02,60.46
MRK,2018-08-01,65.49
MRK,2018-09-04,67.95
MRK,2018-10-01,71.53
MRK,2018-11-01,73.12
MRK,2018-12-03,79.22
MRK,2019-01-02,75.59
MRK,2019-02-01,76.45
MRK,2019-03-01,81.65
MRK,2019-04-01,83.3
MRK,2019-05-01,78.72
MSFT,2016-04-01,55.57
MSFT,2016-05-02,50.61
MSFT,2016-06-01,52.85
MSFT,2016-07-01,51.16
MSFT,2016-08-01,56.58
MSFT,2016-09-01,57.59
MSFT,2016-10-03,57.42
MSFT,2016-11-01,59.8
MSFT,2016-12-01,59.2
MSFT,2017-01-03,62.58
MSFT,2017-02-01,63.58
MSFT,2017-03-01,64.94
MSFT,2017-04-03,65.55
MSFT,2017-05-01,69.41
MSFT,2017-06-01,70.1
MSFT,2017-07-03,68.17
MSFT,2017-08-01,72.58
MSFT,2017-09-01,73.94
MSFT,2017-10-02,74.61
MSFT,2017-11-01,83.18
MSFT,2017-12-01,84.26
MSFT,2018-01-02,85.95
MSFT,2018-02-01,94.26
MSFT,2018-03-01,92.85
MSFT,2018-04-02,88.52
MSFT,2018-05-01,95.0
MSFT,2018-06-01,100.79
MSFT,2018-07-02,100.01
MSFT,2018-08-01,106.28
MSFT,2018-09-04,111.71
MSFT,2018-10-01,115.61
MSFT,2018-11-01,105.92
MSFT,2018-12-03,112.09
MSFT,2019-01-02,101.12
MSFT,2019-02-01,102.78
MSFT,2019-03-01,112.53
MSFT,2019-04-01,119.02
MSFT,2019-05-01,127.88
NKE,2016-04-01,61.59
NKE,2016-05-02,59.59
NKE,2016-06-01,54.93
NKE,2016-07-01,55.61
NKE,2016-08-01,55.41
NKE,2016-09-01,58.54
NKE,2016-10-03,52.67
NKE,2016-11-01,49.62
NKE,2016-12-01,50.65
NKE,2017-01-03,51.98
NKE,2017-02-01,53.02
NKE,2017-03-01,57.95
NKE,2017-04-03,55.56
NKE,2017-05-01,54.99
NKE,2017-06-01,52.3
NKE,2017-07-03,58.65
NKE,2017-08-01,59.84
NKE,2017-09-01,53.36
NKE,2017-10-02,51.87
NKE,2017-11-01,55.07
NKE,2017-12-01,59.88
NKE,2018-01-02,63.49
NKE,2018-02-01,67.65
NKE,2018-03-01,66.32
NKE,2018-04-02,64.12
NKE,2018-05-01,68.1
NKE,2018-06-01,72.76
NKE,2018-07-02,78.35
NKE,2018-08-01,77.54
NKE,2018-09-04,79.6
NKE,2018-10-01,84.46
NKE,2018-11-01,76.79
NKE,2018-12-03,77.94
NKE,2019-01-02,74.06
NKE,2019-02-01,81.51
NKE,2019-03-01,87.16
NKE,2019-04-01,85.23
NKE,2019-05-01,85.9
PFE,2016-04-01,30.04
PFE,2016-05-02,32.8
PFE,2016-06-01,34.75
PFE,2016-07-01,35.57
PFE,2016-08-01,37.31
PFE,2016-09-01,34.68
PFE,2016-10-03,33.68
PFE,2016-11-01,31.07
PFE,2016-12-01,31.46
PFE,2017-01-03,33.0
PFE,2017-02-01,31.67
PFE,2017-03-01,34.42
PFE,2017-04-03,34.24
PFE,2017-05-01,33.78
PFE,2017-06-01,32.71
PFE,2017-07-03,33.82
PFE,2017-08-01,33.08
PFE,2017-09-01,33.96
PFE,2017-10-02,36.07
PFE,2017-11-01,35.26
PFE,2017-12-01,36.35
PFE,2018-01-02,36.44
PFE,2018-02-01,36.83
PFE,2018-03-01,35.63
PFE,2018-04-02,35.05
PFE,2018-05-01,35.4
PFE,2018-06-01,36.25
PFE,2018-07-02,36.33
PFE,2018-08-01,40.27
PFE,2018-09-04,41.37
PFE,2018-10-01,44.27
PFE,2018-11-01,43.67
PFE,2018-12-03,45.99
PFE,2019-01-02,43.25
PFE,2019-02-01,42.88
PFE,2019-03-01,43.36
PFE,2019-04-01,42.84
PFE,2019-05-01,40.77
PG,2016-04-01,83.53
PG,2016-05-02,80.97
PG,2016-06-01,81.79
PG,2016-07-01,84.78
PG,2016-08-01,86.41
PG,2016-09-01,88.31
PG,2016-10-03,88.66
PG,2016-11-01,86.85
PG,2016-12-01,81.86
PG,2017-01-03,84.2
PG,2017-02-01,87.33
PG,2017-03-01,91.66
PG,2017-04-03,89.68
PG,2017-05-01,87.09
PG,2017-06-01,88.13
PG,2017-07-03,87.74
PG,2017-08-01,91.1
PG,2017-09-01,92.53
PG,2017-10-02,91.77
PG,2017-11-01,86.89
PG,2017-12-01,90.36
PG,2018-01-02,90.65
PG,2018-02-01,85.85
PG,2018-03-01,78.7
PG,2018-04-02,77.4
PG,2018-05-01,71.96
PG,2018-06-01,73.45
PG,2018-07-02,78.13
PG,2018-08-01,80.65
PG,2018-09-04,82.7
PG,2018-10-01,83.67
PG,2018-11-01,89.59
PG,2018-12-03,93.32
PG,2019-01-02,91.28
PG,2019-02-01,97.47
PG,2019-03-01,98.44
PG,2019-04-01,103.64
PG,2019-05-01,104.93
TRV,2016-04-01,117.4
TRV,2016-05-02,110.91
TRV,2016-06-01,114.84
TRV,2016-07-01,118.85
TRV,2016-08-01,116.81
TRV,2016-09-01,118.35
TRV,2016-10-03,113.0
TRV,2016-11-01,106.24
TRV,2016-12-01,115.41
TRV,2017-01-03,120.9
TRV,2017-02-01,116.54
TRV,2017-03-01,124.99
TRV,2017-04-03,120.38
TRV,2017-05-01,121.18
TRV,2017-06-01,125.4
TRV,2017-07-03,127.34
TRV,2017-08-01,129.21
TRV,2017-09-01,119.9
TRV,2017-10-02,123.32
TRV,2017-11-01,133.47
TRV,2017-12-01,136.21
TRV,2018-01-02,131.98
TRV,2018-02-01,150.0
TRV,2018-03-01,138.97
TRV,2018-04-02,134.84
TRV,2018-05-01,131.09
TRV,2018-06-01,129.29
TRV,2018-07-02,122.39
TRV,2018-08-01,128.96
TRV,2018-09-04,132.13
TRV,2018-10-01,128.97
TRV,2018-11-01,125.2
TRV,2018-12-03,130.11
TRV,2019-01-02,117.37
TRV,2019-02-01,126.49
TRV,2019-03-01,133.03
TRV,2019-04-01,138.02
TRV,2019-05-01,143.08
UNH,2016-04-01,129.92
UNH,2016-05-02,132.1
UNH,2016-06-01,134.53
UNH,2016-07-01,140.86
UNH,2016-08-01,143.51
UNH,2016-09-01,135.74
UNH,2016-10-03,138.49
UNH,2016-11-01,139.43
UNH,2016-12-01,160.94
UNH,2017-01-03,161.45
UNH,2017-02-01,162.71
UNH,2017-03-01,167.94
UNH,2017-04-03,165.59
UNH,2017-05-01,174.59
UNH,2017-06-01,179.58
UNH,2017-07-03,186.65
UNH,2017-08-01,192.23
UNH,2017-09-01,199.75
UNH,2017-10-02,197.44
UNH,2017-11-01,209.53
UNH,2017-12-01,226.78
UNH,2018-01-02,221.16
UNH,2018-02-01,235.22
UNH,2018-03-01,224.45
UNH,2018-04-02,217.2
UNH,2018-05-01,236.85
UNH,2018-06-01,243.35
UNH,2018-07-02,247.48
UNH,2018-08-01,253.37
UNH,2018-09-04,268.51
UNH,2018-10-01,269.1
UNH,2018-11-01,260.93
UNH,2018-12-03,286.33
UNH,2019-01-02,243.49
UNH,2019-02-01,268.72
UNH,2019-03-01,246.15
UNH,2019-04-01,245.54
UNH,2019-05-01,231.95
UTX,2016-04-01,99.97
UTX,2016-05-02,104.37
UTX,2016-06-01,100.35
UTX,2016-07-01,102.73
UTX,2016-08-01,106.94
UTX,2016-09-01,106.72
UTX,2016-10-03,102.43
UTX,2016-11-01,102.01
UTX,2016-12-01,107.48
UTX,2017-01-03,110.83
UTX,2017-02-01,108.18
UTX,2017-03-01,113.68
UTX,2017-04-03,111.93
UTX,2017-05-01,118.92
UTX,2017-06-01,121.79
UTX,2017-07-03,122.08
UTX,2017-08-01,118.88
UTX,2017-09-01,117.92
UTX,2017-10-02,117.58
UTX,2017-11-01,120.12
UTX,2017-12-01,120.12
UTX,2018-01-02,128.16
UTX,2018-02-01,138.32
UTX,2018-03-01,130.3
UTX,2018-04-02,123.48
UTX,2018-05-01,118.96
UTX,2018-06-01,125.81
UTX,2018-07-02,125.03
UTX,2018-08-01,134.9
UTX,2018-09-04,131.9
UTX,2018-10-01,140.92
UTX,2018-11-01,127.58
UTX,2018-12-03,123.6
UTX,2019-01-02,108.3
UTX,2019-02-01,118.98
UTX,2019-03-01,125.77
UTX,2019-04-01,133.19
UTX,2019-05-01,141.58
VZ,2016-04-01,54.01
VZ,2016-05-02,51.32
VZ,2016-06-01,50.43
VZ,2016-07-01,56.23
VZ,2016-08-01,54.5
VZ,2016-09-01,52.56
VZ,2016-10-03,51.88
VZ,2016-11-01,47.66
VZ,2016-12-01,49.87
VZ,2017-01-03,54.58
VZ,2017-02-01,48.39
VZ,2017-03-01,49.81
VZ,2017-04-03,49.18
VZ,2017-05-01,45.88
VZ,2017-06-01,46.51
VZ,2017-07-03,45.0
VZ,2017-08-01,48.89
VZ,2017-09-01,47.92
VZ,2017-10-02,49.36
VZ,2017-11-01,47.83
VZ,2017-12-01,51.25
VZ,2018-01-02,53.53
VZ,2018-02-01,54.3
VZ,2018-03-01,47.96
VZ,2018-04-02,47.16
VZ,2018-05-01,48.82
VZ,2018-06-01,47.81
VZ,2018-07-02,50.42
VZ,2018-08-01,51.73
VZ,2018-09-04,53.19
VZ,2018-10-01,53.84
VZ,2018-11-01,56.05
VZ,2018-12-03,58.16
VZ,2019-01-02,56.02
VZ,2019-02-01,54.55
VZ,2019-03-01,56.96
VZ,2019-04-01,59.09
VZ,2019-05-01,56.52
V,2016-04-01,77.59
V,2016-05-02,78.46
V,2016-06-01,79.22
V,2016-07-01,74.48
V,2016-08-01,78.26
V,2016-09-01,81.3
V,2016-10-03,82.86
V,2016-11-01,81.62
V,2016-12-01,75.43
V,2017-01-03,79.5
V,2017-02-01,82.44
V,2017-03-01,88.99
V,2017-04-03,89.36
V,2017-05-01,91.26
V,2017-06-01,95.4
V,2017-07-03,93.35
V,2017-08-01,100.87
V,2017-09-01,103.9
V,2017-10-02,105.44
V,2017-11-01,111.07
V,2017-12-01,110.73
V,2018-01-02,114.51
V,2018-02-01,125.72
V,2018-03-01,120.4
V,2018-04-02,118.39
V,2018-05-01,127.51
V,2018-06-01,130.85
V,2018-07-02,132.5
V,2018-08-01,138.25
V,2018-09-04,147.8
V,2018-10-01,150.79
V,2018-11-01,140.83
V,2018-12-03,145.0
V,2019-01-02,132.92
V,2019-02-01,140.15
V,2019-03-01,149.47
V,2019-04-01,157.26
V,2019-05-01,162.79
WMT,2016-04-01,69.06
WMT,2016-05-02,67.59
WMT,2016-06-01,70.5
WMT,2016-07-01,72.81
WMT,2016-08-01,73.78
WMT,2016-09-01,72.84
WMT,2016-10-03,72.01
WMT,2016-11-01,69.3
WMT,2016-12-01,70.67
WMT,2017-01-03,68.66
WMT,2017-02-01,66.23
WMT,2017-03-01,70.45
WMT,2017-04-03,71.83
WMT,2017-05-01,75.23
WMT,2017-06-01,79.81
WMT,2017-07-03,75.36
WMT,2017-08-01,80.5
WMT,2017-09-01,78.37
WMT,2017-10-02,78.45
WMT,2017-11-01,87.94
WMT,2017-12-01,97.35
WMT,2018-01-02,98.59
WMT,2018-02-01,105.52
WMT,2018-03-01,89.08
WMT,2018-04-02,85.55
WMT,2018-05-01,87.41
WMT,2018-06-01,82.99
WMT,2018-07-02,84.0
WMT,2018-08-01,88.24
WMT,2018-09-04,95.36
WMT,2018-10-01,94.4
WMT,2018-11-01,100.58
WMT,2018-12-03,98.75
WMT,2019-01-02,93.34
WMT,2019-02-01,93.86
WMT,2019-03-01,97.93
WMT,2019-04-01,97.82
WMT,2019-05-01,101.36
WBA,2016-04-01,86.7
WBA,2016-05-02,80.56
WBA,2016-06-01,78.1
WBA,2016-07-01,83.06
WBA,2016-08-01,79.27
WBA,2016-09-01,81.54
WBA,2016-10-03,80.38
WBA,2016-11-01,82.46
WBA,2016-12-01,84.22
WBA,2017-01-03,82.96
WBA,2017-02-01,81.04
WBA,2017-03-01,86.77
WBA,2017-04-03,82.95
WBA,2017-05-01,86.46
WBA,2017-06-01,82.18
WBA,2017-07-03,78.13
WBA,2017-08-01,81.13
WBA,2017-09-01,81.22
WBA,2017-10-02,76.6
WBA,2017-11-01,67.01
WBA,2017-12-01,71.45
WBA,2018-01-02,74.95
WBA,2018-02-01,76.06
WBA,2018-03-01,70.2
WBA,2018-04-02,63.1
WBA,2018-05-01,65.42
WBA,2018-06-01,62.86
WBA,2018-07-02,61.13
WBA,2018-08-01,66.44
WBA,2018-09-04,67.62
WBA,2018-10-01,72.46
WBA,2018-11-01,79.9
WBA,2018-12-03,85.69
WBA,2019-01-02,68.04
WBA,2019-02-01,71.88
WBA,2019-03-01,66.61
WBA,2019-04-01,63.49
WBA,2019-05-01,53.68
DIS,2016-04-01,99.07
DIS,2016-05-02,104.36
DIS,2016-06-01,98.52
DIS,2016-07-01,98.03
DIS,2016-08-01,95.54
DIS,2016-09-01,94.26
DIS,2016-10-03,92.49
DIS,2016-11-01,92.39
DIS,2016-12-01,98.94
DIS,2017-01-03,106.08
DIS,2017-02-01,111.3
DIS,2017-03-01,111.04
DIS,2017-04-03,113.2
DIS,2017-05-01,114.73
DIS,2017-06-01,108.21
DIS,2017-07-03,107.46
DIS,2017-08-01,110.61
DIS,2017-09-01,101.5
DIS,2017-10-02,99.86
DIS,2017-11-01,99.03
DIS,2017-12-01,105.25
DIS,2018-01-02,111.8
DIS,2018-02-01,110.49
DIS,2018-03-01,102.57
DIS,2018-04-02,98.66
DIS,2018-05-01,100.06
DIS,2018-06-01,99.36
DIS,2018-07-02,105.33
DIS,2018-08-01,112.97
DIS,2018-09-04,110.85
DIS,2018-10-01,116.24
DIS,2018-11-01,116.1
DIS,2018-12-03,115.74
DIS,2019-01-02,108.97
DIS,2019-02-01,111.3
DIS,2019-03-01,114.01
DIS,2019-04-01,112.51
DIS,2019-05-01,136.38
ADANIPORTS.NS,2016-04-01,3.66
ADANIPORTS.NS,2016-05-02,3.51
ADANIPORTS.NS,2016-06-01,3.0
ADANIPORTS.NS,2016-07-01,3.03
ADANIPORTS.NS,2016-08-01,3.43
ADANIPORTS.NS,2016-09-01,3.86
ADANIPORTS.NS,2016-10-03,3.97
ADANIPORTS.NS,2016-11-01,4.57
ADANIPORTS.NS,2016-12-01,4.02
ADANIPORTS.NS,2017-01-02,4.02
ADANIPORTS.NS,2017-02-01,4.52
ADANIPORTS.NS,2017-03-01,4.53
ADANIPORTS.NS,2017-04-03,5.26
ADANIPORTS.NS,2017-05-02,5.15
ADANIPORTS.NS,2017-06-01,5.42
ADANIPORTS.NS,2017-07-03,5.67
ADANIPORTS.NS,2017-08-01,6.3
ADANIPORTS.NS,2017-09-01,6.17
ADANIPORTS.NS,2017-10-03,5.86
ADANIPORTS.NS,2017-11-01,6.7
ADANIPORTS.NS,2017-12-01,6.0
ADANIPORTS.NS,2018-01-01,6.26
ADANIPORTS.NS,2018-02-01,6.7
ADANIPORTS.NS,2018-03-01,6.23
ADANIPORTS.NS,2018-04-02,5.67
ADANIPORTS.NS,2018-05-02,6.02
ADANIPORTS.NS,2018-06-01,5.78
ADANIPORTS.NS,2018-07-02,5.27
ADANIPORTS.NS,2018-08-01,5.84
ADANIPORTS.NS,2018-09-03,5.4
ADANIPORTS.NS,2018-10-01,4.53
ADANIPORTS.NS,2018-11-01,4.33
ADANIPORTS.NS,2018-12-03,5.34
ADANIPORTS.NS,2019-01-01,5.59
ADANIPORTS.NS,2019-02-01,4.75
ADANIPORTS.NS,2019-03-01,4.7
ADANIPORTS.NS,2019-04-01,5.53
ASIANPAINT.NS,2016-04-01,13.11
ASIANPAINT.NS,2016-05-02,13.02
ASIANPAINT.NS,2016-06-01,15.15
ASIANPAINT.NS,2016-07-01,14.89
ASIANPAINT.NS,2016-08-01,16.81
ASIANPAINT.NS,2016-09-01,17.28
ASIANPAINT.NS,2016-10-03,17.93
ASIANPAINT.NS,2016-11-01,16.14
ASIANPAINT.NS,2016-12-01,13.74
ASIANPAINT.NS,2017-01-02,13.28
ASIANPAINT.NS,2017-02-01,14.7
ASIANPAINT.NS,2017-03-01,15.45
ASIANPAINT.NS,2017-04-03,16.77
ASIANPAINT.NS,2017-05-02,17.32
ASIANPAINT.NS,2017-06-01,18.0
ASIANPAINT.NS,2017-07-03,17.27
ASIANPAINT.NS,2017-08-01,17.91
ASIANPAINT.NS,2017-09-01,18.99
ASIANPAINT.NS,2017-10-03,17.54
ASIANPAINT.NS,2017-11-01,18.2
ASIANPAINT.NS,2017-12-01,17.58
ASIANPAINT.NS,2018-01-01,17.9
ASIANPAINT.NS,2018-02-01,18.01
ASIANPAINT.NS,2018-03-01,17.17
ASIANPAINT.NS,2018-04-02,17.65
ASIANPAINT.NS,2018-05-02,18.33
ASIANPAINT.NS,2018-06-01,19.27
ASIANPAINT.NS,2018-07-02,18.8
ASIANPAINT.NS,2018-08-01,21.02
ASIANPAINT.NS,2018-09-03,19.12
ASIANPAINT.NS,2018-10-01,17.55
ASIANPAINT.NS,2018-11-01,16.58
ASIANPAINT.NS,2018-12-03,19.01
ASIANPAINT.NS,2019-01-01,19.7
ASIANPAINT.NS,2019-02-01,20.44
ASIANPAINT.NS,2019-03-01,19.64
ASIANPAINT.NS,2019-04-01,21.53
AXISBANK.NS,2016-04-01,6.78
AXISBANK.NS,2016-05-02,7.1
AXISBANK.NS,2016-06-01,7.59
AXISBANK.NS,2016-07-01,8.06
AXISBANK.NS,2016-08-01,8.25
AXISBANK.NS,2016-09-01,8.91
AXISBANK.NS,2016-10-03,8.28
AXISBANK.NS,2016-11-01,7.13
AXISBANK.NS,2016-12-01,6.82
AXISBANK.NS,2017-01-02,6.57
AXISBANK.NS,2017-02-01,7.05
AXISBANK.NS,2017-03-01,7.68
AXISBANK.NS,2017-04-03,7.7
AXISBANK.NS,2017-05-02,7.87
AXISBANK.NS,2017-06-01,7.9
AXISBANK.NS,2017-07-03,7.98
AXISBANK.NS,2017-08-01,8.06
AXISBANK.NS,2017-09-01,7.93
AXISBANK.NS,2017-10-03,7.78
AXISBANK.NS,2017-11-01,8.28
AXISBANK.NS,2017-12-01,8.28
AXISBANK.NS,2018-01-01,8.85
AXISBANK.NS,2018-02-01,9.26
AXISBANK.NS,2018-03-01,8.07
AXISBANK.NS,2018-04-02,7.66
AXISBANK.NS,2018-05-02,7.86
AXISBANK.NS,2018-06-01,8.0
AXISBANK.NS,2018-07-02,7.45
AXISBANK.NS,2018-08-01,7.97
AXISBANK.NS,2018-09-03,8.87
AXISBANK.NS,2018-10-01,8.14
AXISBANK.NS,2018-11-01,8.2
AXISBANK.NS,2018-12-03,8.87
AXISBANK.NS,2019-01-01,9.01
AXISBANK.NS,2019-02-01,10.06
AXISBANK.NS,2019-03-01,9.91
AXISBANK.NS,2019-04-01,11.04
BAJAJ-AUTO.NS,2016-04-01,36.47
BAJAJ-AUTO.NS,2016-05-02,37.32
BAJAJ-AUTO.NS,2016-06-01,38.6
BAJAJ-AUTO.NS,2016-07-01,39.68
BAJAJ-AUTO.NS,2016-08-01,41.02
BAJAJ-AUTO.NS,2016-09-01,44.79
BAJAJ-AUTO.NS,2016-10-03,43.29
BAJAJ-AUTO.NS,2016-11-01,42.36
BAJAJ-AUTO.NS,2016-12-01,39.43
BAJAJ-AUTO.NS,2017-01-02,38.13
BAJAJ-AUTO.NS,2017-02-01,42.33
BAJAJ-AUTO.NS,2017-03-01,41.43
BAJAJ-AUTO.NS,2017-04-03,42.83
BAJAJ-AUTO.NS,2017-05-02,45.12
BAJAJ-AUTO.NS,2017-06-01,44.04
BAJAJ-AUTO.NS,2017-07-03,43.01
BAJAJ-AUTO.NS,2017-08-01,44.05
BAJAJ-AUTO.NS,2017-09-01,45.54
BAJAJ-AUTO.NS,2017-10-03,48.27
BAJAJ-AUTO.NS,2017-11-01,50.15
BAJAJ-AUTO.NS,2017-12-01,49.88
BAJAJ-AUTO.NS,2018-01-01,51.49
BAJAJ-AUTO.NS,2018-02-01,53.31
BAJAJ-AUTO.NS,2018-03-01,46.35
BAJAJ-AUTO.NS,2018-04-02,43.1
BAJAJ-AUTO.NS,2018-05-02,44.49
BAJAJ-AUTO.NS,2018-06-01,43.16
BAJAJ-AUTO.NS,2018-07-02,41.21
BAJAJ-AUTO.NS,2018-08-01,39.21
BAJAJ-AUTO.NS,2018-09-03,38.92
BAJAJ-AUTO.NS,2018-10-01,37.44
BAJAJ-AUTO.NS,2018-11-01,35.38
BAJAJ-AUTO.NS,2018-12-03,38.86
BAJAJ-AUTO.NS,2019-01-01,39.16
BAJAJ-AUTO.NS,2019-02-01,36.51
BAJAJ-AUTO.NS,2019-03-01,40.39
BAJAJ-AUTO.NS,2019-04-01,42.06
BAJFINANCE.NS,2016-04-01,10.37
BAJFINANCE.NS,2016-05-02,10.62
BAJFINANCE.NS,2016-06-01,11.33
BAJFINANCE.NS,2016-07-01,12.13
BAJFINANCE.NS,2016-08-01,16.83
BAJFINANCE.NS,2016-09-01,16.67
BAJFINANCE.NS,2016-10-03,16.33
BAJFINANCE.NS,2016-11-01,15.9
BAJFINANCE.NS,2016-12-01,13.38
BAJFINANCE.NS,2017-01-02,12.77
BAJFINANCE.NS,2017-02-01,15.81
BAJFINANCE.NS,2017-03-01,16.1
BAJFINANCE.NS,2017-04-03,18.18
BAJFINANCE.NS,2017-05-02,19.75
BAJFINANCE.NS,2017-06-01,20.59
BAJFINANCE.NS,2017-07-03,21.39
BAJFINANCE.NS,2017-08-01,26.77
BAJFINANCE.NS,2017-09-01,28.11
BAJFINANCE.NS,2017-10-03,28.51
BAJFINANCE.NS,2017-11-01,27.97
BAJFINANCE.NS,2017-12-01,26.54
BAJFINANCE.NS,2018-01-01,27.02
BAJFINANCE.NS,2018-02-01,27.01
BAJFINANCE.NS,2018-03-01,25.46
BAJFINANCE.NS,2018-04-02,27.91
BAJFINANCE.NS,2018-05-02,28.58
BAJFINANCE.NS,2018-06-01,30.95
BAJFINANCE.NS,2018-07-02,33.43
BAJFINANCE.NS,2018-08-01,39.82
BAJFINANCE.NS,2018-09-03,38.25
BAJFINANCE.NS,2018-10-01,30.29
BAJFINANCE.NS,2018-11-01,32.92
BAJFINANCE.NS,2018-12-03,35.63
BAJFINANCE.NS,2019-01-01,38.16
BAJFINANCE.NS,2019-02-01,36.87
BAJFINANCE.NS,2019-03-01,37.53
BAJFINANCE.NS,2019-04-01,43.3
BAJAJFINSV.NS,2016-04-01,26.33
BAJAJFINSV.NS,2016-05-02,29.23
BAJAJFINSV.NS,2016-06-01,26.66
BAJAJFINSV.NS,2016-07-01,34.98
BAJAJFINSV.NS,2016-08-01,42.41
BAJAJFINSV.NS,2016-09-01,45.26
BAJAJFINSV.NS,2016-10-03,48.01
BAJAJFINSV.NS,2016-11-01,51.85
BAJAJFINSV.NS,2016-12-01,43.0
BAJAJFINSV.NS,2017-01-02,43.29
BAJAJFINSV.NS,2017-02-01,49.36
BAJAJFINSV.NS,2017-03-01,58.71
BAJAJFINSV.NS,2017-04-03,63.06
BAJAJFINSV.NS,2017-05-02,71.1
BAJAJFINSV.NS,2017-06-01,65.24
BAJAJFINSV.NS,2017-07-03,63.69
BAJAJFINSV.NS,2017-08-01,79.05
BAJAJFINSV.NS,2017-09-01,85.82
BAJAJFINSV.NS,2017-10-03,81.3
BAJAJFINSV.NS,2017-11-01,77.75
BAJAJFINSV.NS,2017-12-01,79.06
BAJAJFINSV.NS,2018-01-01,80.97
BAJAJFINSV.NS,2018-02-01,78.7
BAJAJFINSV.NS,2018-03-01,76.71
BAJAJFINSV.NS,2018-04-02,80.83
BAJAJFINSV.NS,2018-05-02,81.55
BAJAJFINSV.NS,2018-06-01,87.65
BAJAJFINSV.NS,2018-07-02,83.99
BAJAJFINSV.NS,2018-08-01,102.23
BAJAJFINSV.NS,2018-09-03,93.42
BAJAJFINSV.NS,2018-10-01,80.67
BAJAJFINSV.NS,2018-11-01,73.34
BAJAJFINSV.NS,2018-12-03,85.2
BAJAJFINSV.NS,2019-01-01,93.66
BAJAJFINSV.NS,2019-02-01,85.53
BAJAJFINSV.NS,2019-03-01,90.85
BAJAJFINSV.NS,2019-04-01,103.27
BHARTIARTL.NS,2016-04-01,4.64
BHARTIARTL.NS,2016-05-02,4.95
BHARTIARTL.NS,2016-06-01,4.94
BHARTIARTL.NS,2016-07-01,5.02
BHARTIARTL.NS,2016-08-01,5.01
BHARTIARTL.NS,2016-09-01,4.26
BHARTIARTL.NS,2016-10-03,4.4
BHARTIARTL.NS,2016-11-01,4.37
BHARTIARTL.NS,2016-12-01,4.27
BHARTIARTL.NS,2017-01-02,4.19
BHARTIARTL.NS,2017-02-01,4.7
BHARTIARTL.NS,2017-03-01,4.98
BHARTIARTL.NS,2017-04-03,4.83
BHARTIARTL.NS,2017-05-02,4.97
BHARTIARTL.NS,2017-06-01,5.23
BHARTIARTL.NS,2017-07-03,5.41
BHARTIARTL.NS,2017-08-01,5.97
BHARTIARTL.NS,2017-09-01,6.06
BHARTIARTL.NS,2017-10-03,5.39
BHARTIARTL.NS,2017-11-01,7.66
BHARTIARTL.NS,2017-12-01,6.89
BHARTIARTL.NS,2018-01-01,7.59
BHARTIARTL.NS,2018-02-01,6.29
BHARTIARTL.NS,2018-03-01,6.03
BHARTIARTL.NS,2018-04-02,5.57
BHARTIARTL.NS,2018-05-02,5.63
BHARTIARTL.NS,2018-06-01,5.25
BHARTIARTL.NS,2018-07-02,4.91
BHARTIARTL.NS,2018-08-01,5.16
BHARTIARTL.NS,2018-09-03,4.95
BHARTIARTL.NS,2018-10-01,4.11
BHARTIARTL.NS,2018-11-01,3.67
BHARTIARTL.NS,2018-12-03,4.17
BHARTIARTL.NS,2019-01-01,4.21
BHARTIARTL.NS,2019-02-01,4.02
BHARTIARTL.NS,2019-03-01,3.98
BHARTIARTL.NS,2019-04-01,4.51
INFRATEL.NS,2016-04-01,5.81
INFRATEL.NS,2016-05-02,5.66
INFRATEL.NS,2016-06-01,5.71
INFRATEL.NS,2016-07-01,5.2
INFRATEL.NS,2016-08-01,5.94
INFRATEL.NS,2016-09-01,5.13
INFRATEL.NS,2016-10-03,5.45
INFRATEL.NS,2016-11-01,5.33
INFRATEL.NS,2016-12-01,5.66
INFRATEL.NS,2017-01-02,5.05
INFRATEL.NS,2017-02-01,4.37
INFRATEL.NS,2017-03-01,4.32
INFRATEL.NS,2017-04-03,5.07
INFRATEL.NS,2017-05-02,5.51
INFRATEL.NS,2017-06-01,5.84
INFRATEL.NS,2017-07-03,6.13
INFRATEL.NS,2017-08-01,6.3
INFRATEL.NS,2017-09-01,5.93
INFRATEL.NS,2017-10-03,6.24
INFRATEL.NS,2017-11-01,6.6
INFRATEL.NS,2017-12-01,5.98
INFRATEL.NS,2018-01-01,5.79
INFRATEL.NS,2018-02-01,5.42
INFRATEL.NS,2018-03-01,5.3
INFRATEL.NS,2018-04-02,5.18
INFRATEL.NS,2018-05-02,4.71
INFRATEL.NS,2018-06-01,4.48
INFRATEL.NS,2018-07-02,4.34
INFRATEL.NS,2018-08-01,4.29
INFRATEL.NS,2018-09-03,4.07
INFRATEL.NS,2018-10-01,3.67
INFRATEL.NS,2018-11-01,3.56
INFRATEL.NS,2018-12-03,3.64
INFRATEL.NS,2019-01-01,3.77
INFRATEL.NS,2019-02-01,4.16
INFRATEL.NS,2019-03-01,4.14
INFRATEL.NS,2019-04-01,4.53
BPCL.NS,2016-04-01,4.46
BPCL.NS,2016-05-02,4.87
BPCL.NS,2016-06-01,4.88
BPCL.NS,2016-07-01,5.41
BPCL.NS,2016-08-01,5.94
BPCL.NS,2016-09-01,5.84
BPCL.NS,2016-10-03,6.29
BPCL.NS,2016-11-01,6.76
BPCL.NS,2016-12-01,6.13
BPCL.NS,2017-01-02,6.27
BPCL.NS,2017-02-01,6.85
BPCL.NS,2017-03-01,6.58
BPCL.NS,2017-04-03,6.55
BPCL.NS,2017-05-02,7.68
BPCL.NS,2017-06-01,7.64
BPCL.NS,2017-07-03,6.67
BPCL.NS,2017-08-01,7.58
BPCL.NS,2017-09-01,8.39
BPCL.NS,2017-10-03,7.31
BPCL.NS,2017-11-01,8.36
BPCL.NS,2017-12-01,7.7
BPCL.NS,2018-01-01,7.96
BPCL.NS,2018-02-01,7.66
BPCL.NS,2018-03-01,6.78
BPCL.NS,2018-04-02,6.5
BPCL.NS,2018-05-02,5.71
BPCL.NS,2018-06-01,6.1
BPCL.NS,2018-07-02,5.37
BPCL.NS,2018-08-01,5.79
BPCL.NS,2018-09-03,5.06
BPCL.NS,2018-10-01,5.05
BPCL.NS,2018-11-01,3.86
BPCL.NS,2018-12-03,4.6
BPCL.NS,2019-01-01,5.27
BPCL.NS,2019-02-01,4.78
BPCL.NS,2019-03-01,4.88
BPCL.NS,2019-04-01,5.65
CIPLA.NS,2016-04-01,7.75
CIPLA.NS,2016-05-02,8.14
CIPLA.NS,2016-06-01,6.89
CIPLA.NS,2016-07-01,7.55
CIPLA.NS,2016-08-01,7.86
CIPLA.NS,2016-09-01,8.65
CIPLA.NS,2016-10-03,8.85
CIPLA.NS,2016-11-01,8.57
CIPLA.NS,2016-12-01,8.31
CIPLA.NS,2017-01-02,8.31
CIPLA.NS,2017-02-01,8.49
CIPLA.NS,2017-03-01,8.77
CIPLA.NS,2017-04-03,9.12
CIPLA.NS,2017-05-02,8.65
CIPLA.NS,2017-06-01,8.0
CIPLA.NS,2017-07-03,8.51
CIPLA.NS,2017-08-01,8.77
CIPLA.NS,2017-09-01,8.88
CIPLA.NS,2017-10-03,8.84
CIPLA.NS,2017-11-01,9.7
CIPLA.NS,2017-12-01,9.27
CIPLA.NS,2018-01-01,9.57
CIPLA.NS,2018-02-01,9.17
CIPLA.NS,2018-03-01,8.93
CIPLA.NS,2018-04-02,8.84
CIPLA.NS,2018-05-02,9.18
CIPLA.NS,2018-06-01,7.82
CIPLA.NS,2018-07-02,8.97
CIPLA.NS,2018-08-01,9.35
CIPLA.NS,2018-09-03,9.11
CIPLA.NS,2018-10-01,8.97
CIPLA.NS,2018-11-01,8.38
CIPLA.NS,2018-12-03,7.61
CIPLA.NS,2019-01-01,7.51
CIPLA.NS,2019-02-01,7.31
CIPLA.NS,2019-03-01,7.78
CIPLA.NS,2019-04-01,7.58
COALINDIA.NS,2016-04-01,4.33
COALINDIA.NS,2016-05-02,4.35
COALINDIA.NS,2016-06-01,4.41
COALINDIA.NS,2016-07-01,4.61
COALINDIA.NS,2016-08-01,4.89
COALINDIA.NS,2016-09-01,5.05
COALINDIA.NS,2016-10-03,4.93
COALINDIA.NS,2016-11-01,4.95
COALINDIA.NS,2016-12-01,4.48
COALINDIA.NS,2017-01-02,4.4
COALINDIA.NS,2017-02-01,4.64
COALINDIA.NS,2017-03-01,4.79
COALINDIA.NS,2017-04-03,4.54
COALINDIA.NS,2017-05-02,4.27
COALINDIA.NS,2017-06-01,4.12
COALINDIA.NS,2017-07-03,3.84
COALINDIA.NS,2017-08-01,3.92
COALINDIA.NS,2017-09-01,3.73
COALINDIA.NS,2017-10-03,4.15
COALINDIA.NS,2017-11-01,4.44
COALINDIA.NS,2017-12-01,4.22
COALINDIA.NS,2018-01-01,4.17
COALINDIA.NS,2018-02-01,4.62
COALINDIA.NS,2018-03-01,4.8
COALINDIA.NS,2018-04-02,4.26
COALINDIA.NS,2018-05-02,4.21
COALINDIA.NS,2018-06-01,4.39
COALINDIA.NS,2018-07-02,3.79
COALINDIA.NS,2018-08-01,3.96
COALINDIA.NS,2018-09-03,4.04
COALINDIA.NS,2018-10-01,3.74
COALINDIA.NS,2018-11-01,3.55
COALINDIA.NS,2018-12-03,3.54
COALINDIA.NS,2019-01-01,3.47
COALINDIA.NS,2019-02-01,3.13
COALINDIA.NS,2019-03-01,3.28
COALINDIA.NS,2019-04-01,3.41
DRREDDY.NS,2016-04-01,44.91
DRREDDY.NS,2016-05-02,45.36
DRREDDY.NS,2016-06-01,47.19
DRREDDY.NS,2016-07-01,51.75
DRREDDY.NS,2016-08-01,44.69
DRREDDY.NS,2016-09-01,46.26
DRREDDY.NS,2016-10-03,47.5
DRREDDY.NS,2016-11-01,49.87
DRREDDY.NS,2016-12-01,47.38
DRREDDY.NS,2017-01-02,45.25
DRREDDY.NS,2017-02-01,44.51
DRREDDY.NS,2017-03-01,43.74
DRREDDY.NS,2017-04-03,42.23
DRREDDY.NS,2017-05-02,40.21
DRREDDY.NS,2017-06-01,39.13
DRREDDY.NS,2017-07-03,41.36
DRREDDY.NS,2017-08-01,37.93
DRREDDY.NS,2017-09-01,34.63
DRREDDY.NS,2017-10-03,35.66
DRREDDY.NS,2017-11-01,36.44
DRREDDY.NS,2017-12-01,34.64
DRREDDY.NS,2018-01-01,37.64
DRREDDY.NS,2018-02-01,33.71
DRREDDY.NS,2018-03-01,34.24
DRREDDY.NS,2018-04-02,32.72
DRREDDY.NS,2018-05-02,31.77
DRREDDY.NS,2018-06-01,28.93
DRREDDY.NS,2018-07-02,32.57
DRREDDY.NS,2018-08-01,31.82
DRREDDY.NS,2018-09-03,36.42
DRREDDY.NS,2018-10-01,34.41
DRREDDY.NS,2018-11-01,33.51
DRREDDY.NS,2018-12-03,37.89
DRREDDY.NS,2019-01-01,37.44
DRREDDY.NS,2019-02-01,39.16
DRREDDY.NS,2019-03-01,37.33
DRREDDY.NS,2019-04-01,40.32
EICHERMOT.NS,2016-04-01,290.18
EICHERMOT.NS,2016-05-02,298.99
EICHERMOT.NS,2016-06-01,277.4
EICHERMOT.NS,2016-07-01,284.5
EICHERMOT.NS,2016-08-01,334.71
EICHERMOT.NS,2016-09-01,340.12
EICHERMOT.NS,2016-10-03,387.67
EICHERMOT.NS,2016-11-01,379.6
EICHERMOT.NS,2016-12-01,324.82
EICHERMOT.NS,2017-01-02,330.56
EICHERMOT.NS,2017-02-01,356.38
EICHERMOT.NS,2017-03-01,354.76
EICHERMOT.NS,2017-04-03,393.07
EICHERMOT.NS,2017-05-02,401.56
EICHERMOT.NS,2017-06-01,446.65
EICHERMOT.NS,2017-07-03,428.12
EICHERMOT.NS,2017-08-01,491.5
EICHERMOT.NS,2017-09-01,496.19
EICHERMOT.NS,2017-10-03,475.5
EICHERMOT.NS,2017-11-01,478.79
EICHERMOT.NS,2017-12-01,453.99
EICHERMOT.NS,2018-01-01,467.99
EICHERMOT.NS,2018-02-01,438.08
EICHERMOT.NS,2018-03-01,425.66
EICHERMOT.NS,2018-04-02,434.08
EICHERMOT.NS,2018-05-02,457.84
EICHERMOT.NS,2018-06-01,445.05
EICHERMOT.NS,2018-07-02,409.73
EICHERMOT.NS,2018-08-01,399.25
EICHERMOT.NS,2018-09-03,405.61
EICHERMOT.NS,2018-10-01,339.44
EICHERMOT.NS,2018-11-01,299.42
EICHERMOT.NS,2018-12-03,334.71
EICHERMOT.NS,2019-01-01,333.1
EICHERMOT.NS,2019-02-01,275.84
EICHERMOT.NS,2019-03-01,281.4
EICHERMOT.NS,2019-04-01,289.21
GAIL.NS,2016-04-01,2.95
GAIL.NS,2016-05-02,3.11
GAIL.NS,2016-06-01,3.11
GAIL.NS,2016-07-01,3.3
GAIL.NS,2016-08-01,3.2
GAIL.NS,2016-09-01,3.29
GAIL.NS,2016-10-03,3.26
GAIL.NS,2016-11-01,3.65
GAIL.NS,2016-12-01,3.62
GAIL.NS,2017-01-02,3.59
GAIL.NS,2017-02-01,4.05
GAIL.NS,2017-03-01,4.26
GAIL.NS,2017-04-03,4.44
GAIL.NS,2017-05-02,5.02
GAIL.NS,2017-06-01,4.77
GAIL.NS,2017-07-03,4.25
GAIL.NS,2017-08-01,4.37
GAIL.NS,2017-09-01,4.5
GAIL.NS,2017-10-03,4.99
GAIL.NS,2017-11-01,5.43
GAIL.NS,2017-12-01,5.3
GAIL.NS,2018-01-01,5.85
GAIL.NS,2018-02-01,5.7
GAIL.NS,2018-03-01,5.23
GAIL.NS,2018-04-02,4.98
GAIL.NS,2018-05-02,4.86
GAIL.NS,2018-06-01,5.09
GAIL.NS,2018-07-02,4.96
GAIL.NS,2018-08-01,5.49
GAIL.NS,2018-09-03,5.17
GAIL.NS,2018-10-01,5.23
GAIL.NS,2018-11-01,5.01
GAIL.NS,2018-12-03,5.05
GAIL.NS,2019-01-01,5.2
GAIL.NS,2019-02-01,4.68
GAIL.NS,2019-03-01,4.85
GAIL.NS,2019-04-01,5.12
GRASIM.NS,2016-04-01,9.0
GRASIM.NS,2016-05-02,9.5
GRASIM.NS,2016-06-01,10.0
GRASIM.NS,2016-07-01,10.68
GRASIM.NS,2016-08-01,11.59
GRASIM.NS,2016-09-01,10.65
GRASIM.NS,2016-10-03,11.41
GRASIM.NS,2016-11-01,11.18
GRASIM.NS,2016-12-01,9.89
GRASIM.NS,2017-01-02,9.93
GRASIM.NS,2017-02-01,10.79
GRASIM.NS,2017-03-01,11.66
GRASIM.NS,2017-04-03,12.52
GRASIM.NS,2017-05-02,13.91
GRASIM.NS,2017-06-01,13.73
GRASIM.NS,2017-07-03,15.33
GRASIM.NS,2017-08-01,17.15
GRASIM.NS,2017-09-01,18.28
GRASIM.NS,2017-10-03,17.7
GRASIM.NS,2017-11-01,19.31
GRASIM.NS,2017-12-01,17.84
GRASIM.NS,2018-01-01,17.91
GRASIM.NS,2018-02-01,18.57
GRASIM.NS,2018-03-01,17.9
GRASIM.NS,2018-04-02,16.71
GRASIM.NS,2018-05-02,16.44
GRASIM.NS,2018-06-01,15.33
GRASIM.NS,2018-07-02,14.35
GRASIM.NS,2018-08-01,15.07
GRASIM.NS,2018-09-03,14.97
GRASIM.NS,2018-10-01,13.7
GRASIM.NS,2018-11-01,11.51
GRASIM.NS,2018-12-03,12.28
GRASIM.NS,2019-01-01,11.97
GRASIM.NS,2019-02-01,10.09
GRASIM.NS,2019-03-01,11.17
GRASIM.NS,2019-04-01,12.37
HCLTECH.NS,2016-04-01,12.36
HCLTECH.NS,2016-05-02,11.18
HCLTECH.NS,2016-06-01,10.89
HCLTECH.NS,2016-07-01,10.87
HCLTECH.NS,2016-08-01,11.7
HCLTECH.NS,2016-09-01,11.71
HCLTECH.NS,2016-10-03,12.15
HCLTECH.NS,2016-11-01,11.59
HCLTECH.NS,2016-12-01,11.75
HCLTECH.NS,2017-01-02,12.16
HCLTECH.NS,2017-02-01,12.07
HCLTECH.NS,2017-03-01,12.7
HCLTECH.NS,2017-04-03,13.33
HCLTECH.NS,2017-05-02,12.8
HCLTECH.NS,2017-06-01,13.38
HCLTECH.NS,2017-07-03,12.92
HCLTECH.NS,2017-08-01,13.79
HCLTECH.NS,2017-09-01,13.52
HCLTECH.NS,2017-10-03,13.47
HCLTECH.NS,2017-11-01,13.01
HCLTECH.NS,2017-12-01,12.87
HCLTECH.NS,2018-01-01,13.76
HCLTECH.NS,2018-02-01,15.38
HCLTECH.NS,2018-03-01,14.47
HCLTECH.NS,2018-04-02,15.03
HCLTECH.NS,2018-05-02,15.01
HCLTECH.NS,2018-06-01,13.48
HCLTECH.NS,2018-07-02,13.46
HCLTECH.NS,2018-08-01,14.31
HCLTECH.NS,2018-09-03,14.73
HCLTECH.NS,2018-10-01,15.06
HCLTECH.NS,2018-11-01,13.74
HCLTECH.NS,2018-12-03,14.46
HCLTECH.NS,2019-01-01,13.78
HCLTECH.NS,2019-02-01,14.64
HCLTECH.NS,2019-03-01,14.85
HCLTECH.NS,2019-04-01,16.02
HDFC.NS,2016-04-01,16.78
HDFC.NS,2016-05-02,16.44
HDFC.NS,2016-06-01,18.43
HDFC.NS,2016-07-01,18.45
HDFC.NS,2016-08-01,20.6
HDFC.NS,2016-09-01,21.28
HDFC.NS,2016-10-03,21.42
HDFC.NS,2016-11-01,21.25
HDFC.NS,2016-12-01,18.58
HDFC.NS,2017-01-02,17.86
HDFC.NS,2017-02-01,20.94
HDFC.NS,2017-03-01,20.96
HDFC.NS,2017-04-03,23.6
HDFC.NS,2017-05-02,24.67
HDFC.NS,2017-06-01,24.57
HDFC.NS,2017-07-03,25.0
HDFC.NS,2017-08-01,27.76
HDFC.NS,2017-09-01,27.48
HDFC.NS,2017-10-03,26.89
HDFC.NS,2017-11-01,27.16
HDFC.NS,2017-12-01,25.72
HDFC.NS,2018-01-01,26.36
HDFC.NS,2018-02-01,30.73
HDFC.NS,2018-03-01,27.84
HDFC.NS,2018-04-02,28.2
HDFC.NS,2018-05-02,28.66
HDFC.NS,2018-06-01,27.48
HDFC.NS,2018-07-02,27.58
HDFC.NS,2018-08-01,28.81
HDFC.NS,2018-09-03,27.31
HDFC.NS,2018-10-01,24.77
HDFC.NS,2018-11-01,23.99
HDFC.NS,2018-12-03,28.13
HDFC.NS,2019-01-01,28.85
HDFC.NS,2019-02-01,27.51
HDFC.NS,2019-03-01,26.23
HDFC.NS,2019-04-01,28.27
HDFCBANK.NS,2016-04-01,16.04
HDFCBANK.NS,2016-05-02,16.83
HDFCBANK.NS,2016-06-01,17.42
HDFCBANK.NS,2016-07-01,17.44
HDFCBANK.NS,2016-08-01,18.63
HDFCBANK.NS,2016-09-01,19.17
HDFCBANK.NS,2016-10-03,19.34
HDFCBANK.NS,2016-11-01,18.89
HDFCBANK.NS,2016-12-01,17.52
HDFCBANK.NS,2017-01-02,17.57
HDFCBANK.NS,2017-02-01,19.36
HDFCBANK.NS,2017-03-01,20.82
HDFCBANK.NS,2017-04-03,22.05
HDFCBANK.NS,2017-05-02,23.99
HDFCBANK.NS,2017-06-01,25.26
HDFCBANK.NS,2017-07-03,25.57
HDFCBANK.NS,2017-08-01,28.04
HDFCBANK.NS,2017-09-01,27.6
HDFCBANK.NS,2017-10-03,27.61
HDFCBANK.NS,2017-11-01,28.19
HDFCBANK.NS,2017-12-01,28.66
HDFCBANK.NS,2018-01-01,29.03
HDFCBANK.NS,2018-02-01,31.1
HDFCBANK.NS,2018-03-01,28.76
HDFCBANK.NS,2018-04-02,29.63
HDFCBANK.NS,2018-05-02,29.54
HDFCBANK.NS,2018-06-01,31.45
HDFCBANK.NS,2018-07-02,30.14
HDFCBANK.NS,2018-08-01,31.57
HDFCBANK.NS,2018-09-03,29.14
HDFCBANK.NS,2018-10-01,27.92
HDFCBANK.NS,2018-11-01,26.03
HDFCBANK.NS,2018-12-03,30.01
HDFCBANK.NS,2019-01-01,30.85
HDFCBANK.NS,2019-02-01,29.33
HDFCBANK.NS,2019-03-01,29.39
HDFCBANK.NS,2019-04-01,33.35
HEROMOTOCO.NS,2016-04-01,44.48
HEROMOTOCO.NS,2016-05-02,43.74
HEROMOTOCO.NS,2016-06-01,45.79
HEROMOTOCO.NS,2016-07-01,47.32
HEROMOTOCO.NS,2016-08-01,48.2
HEROMOTOCO.NS,2016-09-01,52.98
HEROMOTOCO.NS,2016-10-03,52.92
HEROMOTOCO.NS,2016-11-01,50.52
HEROMOTOCO.NS,2016-12-01,46.68
HEROMOTOCO.NS,2017-01-02,44.48
HEROMOTOCO.NS,2017-02-01,48.75
HEROMOTOCO.NS,2017-03-01,47.55
HEROMOTOCO.NS,2017-04-03,49.28
HEROMOTOCO.NS,2017-05-02,52.21
HEROMOTOCO.NS,2017-06-01,57.91
HEROMOTOCO.NS,2017-07-03,58.22
HEROMOTOCO.NS,2017-08-01,58.16
HEROMOTOCO.NS,2017-09-01,63.23
HEROMOTOCO.NS,2017-10-03,58.11
HEROMOTOCO.NS,2017-11-01,59.12
HEROMOTOCO.NS,2017-12-01,55.88
HEROMOTOCO.NS,2018-01-01,58.69
HEROMOTOCO.NS,2018-02-01,58.31
HEROMOTOCO.NS,2018-03-01,54.88
HEROMOTOCO.NS,2018-04-02,55.95
HEROMOTOCO.NS,2018-05-02,54.96
HEROMOTOCO.NS,2018-06-01,54.03
HEROMOTOCO.NS,2018-07-02,49.65
HEROMOTOCO.NS,2018-08-01,47.98
HEROMOTOCO.NS,2018-09-03,45.53
HEROMOTOCO.NS,2018-10-01,40.78
HEROMOTOCO.NS,2018-11-01,38.02
HEROMOTOCO.NS,2018-12-03,43.17
HEROMOTOCO.NS,2019-01-01,44.92
HEROMOTOCO.NS,2019-02-01,39.38
HEROMOTOCO.NS,2019-03-01,37.74
HEROMOTOCO.NS,2019-04-01,36.91
HINDALCO.NS,2016-04-01,1.31
HINDALCO.NS,2016-05-02,1.49
HINDALCO.NS,2016-06-01,1.53
HINDALCO.NS,2016-07-01,1.85
HINDALCO.NS,2016-08-01,2.05
HINDALCO.NS,2016-09-01,2.35
HINDALCO.NS,2016-10-03,2.32
HINDALCO.NS,2016-11-01,2.35
HINDALCO.NS,2016-12-01,2.51
HINDALCO.NS,2017-01-02,2.33
HINDALCO.NS,2017-02-01,2.95
HINDALCO.NS,2017-03-01,2.83
HINDALCO.NS,2017-04-03,2.98
HINDALCO.NS,2017-05-02,3.12
HINDALCO.NS,2017-06-01,3.06
HINDALCO.NS,2017-07-03,3.03
HINDALCO.NS,2017-08-01,3.52
HINDALCO.NS,2017-09-01,3.81
HINDALCO.NS,2017-10-03,3.69
HINDALCO.NS,2017-11-01,4.26
HINDALCO.NS,2017-12-01,3.65
HINDALCO.NS,2018-01-01,4.24
HINDALCO.NS,2018-02-01,4.0
HINDALCO.NS,2018-03-01,3.69
HINDALCO.NS,2018-04-02,3.24
HINDALCO.NS,2018-05-02,3.42
HINDALCO.NS,2018-06-01,3.55
HINDALCO.NS,2018-07-02,3.25
HINDALCO.NS,2018-08-01,3.04
HINDALCO.NS,2018-09-03,3.36
HINDALCO.NS,2018-10-01,3.33
HINDALCO.NS,2018-11-01,3.15
HINDALCO.NS,2018-12-03,3.31
HINDALCO.NS,2019-01-01,3.2
HINDALCO.NS,2019-02-01,2.97
HINDALCO.NS,2019-03-01,2.77
HINDALCO.NS,2019-04-01,3.11
HINDUNILVR.NS,2016-04-01,13.08
HINDUNILVR.NS,2016-05-02,13.01
HINDUNILVR.NS,2016-06-01,12.68
HINDUNILVR.NS,2016-07-01,13.33
HINDUNILVR.NS,2016-08-01,13.87
HINDUNILVR.NS,2016-09-01,13.83
HINDUNILVR.NS,2016-10-03,13.06
HINDUNILVR.NS,2016-11-01,12.52
HINDUNILVR.NS,2016-12-01,12.41
HINDUNILVR.NS,2017-01-02,12.11
HINDUNILVR.NS,2017-02-01,12.67
HINDUNILVR.NS,2017-03-01,13.1
HINDUNILVR.NS,2017-04-03,14.17
HINDUNILVR.NS,2017-05-02,14.45
HINDUNILVR.NS,2017-06-01,16.99
HINDUNILVR.NS,2017-07-03,16.93
HINDUNILVR.NS,2017-08-01,18.31
HINDUNILVR.NS,2017-09-01,18.99
HINDUNILVR.NS,2017-10-03,18.11
HINDUNILVR.NS,2017-11-01,19.47
HINDUNILVR.NS,2017-12-01,19.39
HINDUNILVR.NS,2018-01-01,21.05
HINDUNILVR.NS,2018-02-01,21.42
HINDUNILVR.NS,2018-03-01,20.32
HINDUNILVR.NS,2018-04-02,20.73
HINDUNILVR.NS,2018-05-02,22.08
HINDUNILVR.NS,2018-06-01,23.67
HINDUNILVR.NS,2018-07-02,23.89
HINDUNILVR.NS,2018-08-01,25.36
HINDUNILVR.NS,2018-09-03,23.86
HINDUNILVR.NS,2018-10-01,22.52
HINDUNILVR.NS,2018-11-01,21.89
HINDUNILVR.NS,2018-12-03,25.93
HINDUNILVR.NS,2019-01-01,25.87
HINDUNILVR.NS,2019-02-01,25.24
HINDUNILVR.NS,2019-03-01,24.47
HINDUNILVR.NS,2019-04-01,24.38
HINDPETRO.NS,2016-04-01,2.66
HINDPETRO.NS,2016-05-02,2.82
HINDPETRO.NS,2016-06-01,2.98
HINDPETRO.NS,2016-07-01,3.37
HINDPETRO.NS,2016-08-01,4.22
HINDPETRO.NS,2016-09-01,4.02
HINDPETRO.NS,2016-10-03,4.33
HINDPETRO.NS,2016-11-01,4.65
HINDPETRO.NS,2016-12-01,4.36
HINDPETRO.NS,2017-01-02,4.4
HINDPETRO.NS,2017-02-01,5.33
HINDPETRO.NS,2017-03-01,5.17
HINDPETRO.NS,2017-04-03,5.32
HINDPETRO.NS,2017-05-02,5.74
HINDPETRO.NS,2017-06-01,5.6
HINDPETRO.NS,2017-07-03,5.31
HINDPETRO.NS,2017-08-01,6.03
HINDPETRO.NS,2017-09-01,7.53
HINDPETRO.NS,2017-10-03,6.63
HINDPETRO.NS,2017-11-01,6.86
HINDPETRO.NS,2017-12-01,6.35
HINDPETRO.NS,2018-01-01,6.48
HINDPETRO.NS,2018-02-01,6.13
HINDPETRO.NS,2018-03-01,5.78
HINDPETRO.NS,2018-04-02,5.29
HINDPETRO.NS,2018-05-02,4.46
HINDPETRO.NS,2018-06-01,4.65
HINDPETRO.NS,2018-07-02,3.77
HINDPETRO.NS,2018-08-01,4.2
HINDPETRO.NS,2018-09-03,3.62
HINDPETRO.NS,2018-10-01,3.33
HINDPETRO.NS,2018-11-01,3.12
HINDPETRO.NS,2018-12-03,3.19
HINDPETRO.NS,2019-01-01,3.69
HINDPETRO.NS,2019-02-01,3.28
HINDPETRO.NS,2019-03-01,3.28
HINDPETRO.NS,2019-04-01,4.09
ICICIBANK.NS,2016-04-01,3.26
ICICIBANK.NS,2016-05-02,3.1
ICICIBANK.NS,2016-06-01,3.23
ICICIBANK.NS,2016-07-01,3.25
ICICIBANK.NS,2016-08-01,3.4
ICICIBANK.NS,2016-09-01,3.54
ICICIBANK.NS,2016-10-03,3.5
ICICIBANK.NS,2016-11-01,3.75
ICICIBANK.NS,2016-12-01,3.45
ICICIBANK.NS,2017-01-02,3.36
ICICIBANK.NS,2017-02-01,3.79
ICICIBANK.NS,2017-03-01,3.8
ICICIBANK.NS,2017-04-03,4.01
ICICIBANK.NS,2017-05-02,3.9
ICICIBANK.NS,2017-06-01,4.51
ICICIBANK.NS,2017-07-03,4.47
ICICIBANK.NS,2017-08-01,4.72
ICICIBANK.NS,2017-09-01,4.66
ICICIBANK.NS,2017-10-03,4.25
ICICIBANK.NS,2017-11-01,4.85
ICICIBANK.NS,2017-12-01,4.73
ICICIBANK.NS,2018-01-01,4.86
ICICIBANK.NS,2018-02-01,5.41
ICICIBANK.NS,2018-03-01,4.68
ICICIBANK.NS,2018-04-02,4.02
ICICIBANK.NS,2018-05-02,4.15
ICICIBANK.NS,2018-06-01,4.31
ICICIBANK.NS,2018-07-02,4.03
ICICIBANK.NS,2018-08-01,4.38
ICICIBANK.NS,2018-09-03,4.69
ICICIBANK.NS,2018-10-01,4.31
ICICIBANK.NS,2018-11-01,4.82
ICICIBANK.NS,2018-12-03,5.05
ICICIBANK.NS,2019-01-01,5.22
ICICIBANK.NS,2019-02-01,4.98
ICICIBANK.NS,2019-03-01,5.0
ICICIBANK.NS,2019-04-01,5.75
IBULHSGFIN.NS,2016-04-01,9.75
IBULHSGFIN.NS,2016-05-02,10.44
IBULHSGFIN.NS,2016-06-01,10.77
IBULHSGFIN.NS,2016-07-01,10.1
IBULHSGFIN.NS,2016-08-01,11.43
IBULHSGFIN.NS,2016-09-01,12.48
IBULHSGFIN.NS,2016-10-03,12.85
IBULHSGFIN.NS,2016-11-01,12.9
IBULHSGFIN.NS,2016-12-01,11.06
IBULHSGFIN.NS,2017-01-02,9.96
IBULHSGFIN.NS,2017-02-01,11.36
IBULHSGFIN.NS,2017-03-01,13.03
IBULHSGFIN.NS,2017-04-03,15.33
IBULHSGFIN.NS,2017-05-02,16.7
IBULHSGFIN.NS,2017-06-01,17.76
IBULHSGFIN.NS,2017-07-03,16.58
IBULHSGFIN.NS,2017-08-01,19.11
IBULHSGFIN.NS,2017-09-01,19.09
IBULHSGFIN.NS,2017-10-03,18.84
IBULHSGFIN.NS,2017-11-01,19.28
IBULHSGFIN.NS,2017-12-01,17.75
IBULHSGFIN.NS,2018-01-01,19.07
IBULHSGFIN.NS,2018-02-01,21.51
IBULHSGFIN.NS,2018-03-01,19.28
IBULHSGFIN.NS,2018-04-02,19.09
IBULHSGFIN.NS,2018-05-02,19.47
IBULHSGFIN.NS,2018-06-01,18.38
IBULHSGFIN.NS,2018-07-02,16.2
IBULHSGFIN.NS,2018-08-01,18.78
IBULHSGFIN.NS,2018-09-03,17.69
IBULHSGFIN.NS,2018-10-01,12.43
IBULHSGFIN.NS,2018-11-01,11.58
IBULHSGFIN.NS,2018-12-03,11.12
IBULHSGFIN.NS,2019-01-01,12.13
IBULHSGFIN.NS,2019-02-01,9.52
IBULHSGFIN.NS,2019-03-01,9.48
IBULHSGFIN.NS,2019-04-01,12.22
INDUSINDBK.NS,2016-04-01,14.49
INDUSINDBK.NS,2016-05-02,15.74
INDUSINDBK.NS,2016-06-01,16.36
INDUSINDBK.NS,2016-07-01,16.68
INDUSINDBK.NS,2016-08-01,18.0
INDUSINDBK.NS,2016-09-01,17.69
INDUSINDBK.NS,2016-10-03,18.53
INDUSINDBK.NS,2016-11-01,18.2
INDUSINDBK.NS,2016-12-01,15.81
INDUSINDBK.NS,2017-01-02,15.96
INDUSINDBK.NS,2017-02-01,19.39
INDUSINDBK.NS,2017-03-01,19.84
INDUSINDBK.NS,2017-04-03,21.6
INDUSINDBK.NS,2017-05-02,22.51
INDUSINDBK.NS,2017-06-01,23.04
INDUSINDBK.NS,2017-07-03,22.99
INDUSINDBK.NS,2017-08-01,25.99
INDUSINDBK.NS,2017-09-01,26.43
INDUSINDBK.NS,2017-10-03,25.84
INDUSINDBK.NS,2017-11-01,25.43
INDUSINDBK.NS,2017-12-01,25.75
INDUSINDBK.NS,2018-01-01,25.42
INDUSINDBK.NS,2018-02-01,28.04
INDUSINDBK.NS,2018-03-01,26.09
INDUSINDBK.NS,2018-04-02,27.69
INDUSINDBK.NS,2018-05-02,28.02
INDUSINDBK.NS,2018-06-01,28.54
INDUSINDBK.NS,2018-07-02,28.33
INDUSINDBK.NS,2018-08-01,29.27
INDUSINDBK.NS,2018-09-03,26.64
INDUSINDBK.NS,2018-10-01,22.53
INDUSINDBK.NS,2018-11-01,19.93
INDUSINDBK.NS,2018-12-03,23.52
INDUSINDBK.NS,2019-01-01,22.91
INDUSINDBK.NS,2019-02-01,21.25
INDUSINDBK.NS,2019-03-01,21.36
INDUSINDBK.NS,2019-04-01,25.14
INFY.NS,2016-04-01,9.08
INFY.NS,2016-05-02,9.04
INFY.NS,2016-06-01,9.33
INFY.NS,2016-07-01,8.71
INFY.NS,2016-08-01,8.14
INFY.NS,2016-09-01,7.75
INFY.NS,2016-10-03,7.8
INFY.NS,2016-11-01,7.42
INFY.NS,2016-12-01,7.14
INFY.NS,2017-01-02,7.35
INFY.NS,2017-02-01,6.8
INFY.NS,2017-03-01,7.67
INFY.NS,2017-04-03,7.76
INFY.NS,2017-05-02,7.18
INFY.NS,2017-06-01,7.53
INFY.NS,2017-07-03,7.34
INFY.NS,2017-08-01,7.84
INFY.NS,2017-09-01,7.18
INFY.NS,2017-10-03,6.9
INFY.NS,2017-11-01,7.18
INFY.NS,2017-12-01,7.43
INFY.NS,2018-01-01,8.09
INFY.NS,2018-02-01,8.94
INFY.NS,2018-03-01,8.9
INFY.NS,2018-04-02,8.72
INFY.NS,2018-05-02,8.98
INFY.NS,2018-06-01,9.1
INFY.NS,2018-07-02,9.7
INFY.NS,2018-08-01,9.9
INFY.NS,2018-09-03,10.07
INFY.NS,2018-10-01,10.24
INFY.NS,2018-11-01,9.08
INFY.NS,2018-12-03,9.52
INFY.NS,2019-01-01,9.55
INFY.NS,2019-02-01,10.62
INFY.NS,2019-03-01,10.47
INFY.NS,2019-04-01,10.89
IOC.NS,2016-04-01,1.48
IOC.NS,2016-05-02,1.6
IOC.NS,2016-06-01,1.56
IOC.NS,2016-07-01,1.76
IOC.NS,2016-08-01,2.03
IOC.NS,2016-09-01,2.15
IOC.NS,2016-10-03,2.27
IOC.NS,2016-11-01,2.44
IOC.NS,2016-12-01,2.18
IOC.NS,2017-01-02,2.4
IOC.NS,2017-02-01,2.78
IOC.NS,2017-03-01,2.86
IOC.NS,2017-04-03,2.93
IOC.NS,2017-05-02,3.45
IOC.NS,2017-06-01,3.21
IOC.NS,2017-07-03,2.98
IOC.NS,2017-08-01,2.89
IOC.NS,2017-09-01,3.5
IOC.NS,2017-10-03,3.1
IOC.NS,2017-11-01,3.23
IOC.NS,2017-12-01,3.01
IOC.NS,2018-01-01,3.05
IOC.NS,2018-02-01,3.26
IOC.NS,2018-03-01,2.93
IOC.NS,2018-04-02,2.62
IOC.NS,2018-05-02,2.42
IOC.NS,2018-06-01,2.57
IOC.NS,2018-07-02,2.23
IOC.NS,2018-08-01,2.46
IOC.NS,2018-09-03,2.18
IOC.NS,2018-10-01,2.11
IOC.NS,2018-11-01,1.93
IOC.NS,2018-12-03,1.89
IOC.NS,2019-01-01,1.98
IOC.NS,2019-02-01,1.92
IOC.NS,2019-03-01,2.09
IOC.NS,2019-04-01,2.29
ITC.NS,2016-04-01,3.38
ITC.NS,2016-05-02,3.22
ITC.NS,2016-06-01,3.57
ITC.NS,2016-07-01,3.75
ITC.NS,2016-08-01,3.76
ITC.NS,2016-09-01,3.9
ITC.NS,2016-10-03,3.64
ITC.NS,2016-11-01,3.6
ITC.NS,2016-12-01,3.42
ITC.NS,2017-01-02,3.54
ITC.NS,2017-02-01,4.0
ITC.NS,2017-03-01,4.02
ITC.NS,2017-04-03,4.33
ITC.NS,2017-05-02,4.35
ITC.NS,2017-06-01,4.87
ITC.NS,2017-07-03,5.28
ITC.NS,2017-08-01,4.49
ITC.NS,2017-09-01,4.43
ITC.NS,2017-10-03,3.99
ITC.NS,2017-11-01,4.18
ITC.NS,2017-12-01,3.96
ITC.NS,2018-01-01,4.11
ITC.NS,2018-02-01,4.3
ITC.NS,2018-03-01,4.05
ITC.NS,2018-04-02,3.96
ITC.NS,2018-05-02,4.31
ITC.NS,2018-06-01,4.02
ITC.NS,2018-07-02,3.82
ITC.NS,2018-08-01,4.41
ITC.NS,2018-09-03,4.4
ITC.NS,2018-10-01,4.07
ITC.NS,2018-11-01,3.78
ITC.NS,2018-12-03,4.02
ITC.NS,2019-01-01,4.06
ITC.NS,2019-02-01,3.94
ITC.NS,2019-03-01,3.92
ITC.NS,2019-04-01,4.29
JSWSTEEL.NS,2016-04-01,1.9
JSWSTEEL.NS,2016-05-02,2.06
JSWSTEEL.NS,2016-06-01,2.04
JSWSTEEL.NS,2016-07-01,2.17
JSWSTEEL.NS,2016-08-01,2.53
JSWSTEEL.NS,2016-09-01,2.65
JSWSTEEL.NS,2016-10-03,2.66
JSWSTEEL.NS,2016-11-01,2.49
JSWSTEEL.NS,2016-12-01,2.45
JSWSTEEL.NS,2017-01-02,2.4
JSWSTEEL.NS,2017-02-01,2.93
JSWSTEEL.NS,2017-03-01,2.84
JSWSTEEL.NS,2017-04-03,2.91
JSWSTEEL.NS,2017-05-02,3.05
JSWSTEEL.NS,2017-06-01,3.03
JSWSTEEL.NS,2017-07-03,3.16
JSWSTEEL.NS,2017-08-01,3.48
JSWSTEEL.NS,2017-09-01,4.01
JSWSTEEL.NS,2017-10-03,3.82
JSWSTEEL.NS,2017-11-01,4.1
JSWSTEEL.NS,2017-12-01,3.91
JSWSTEEL.NS,2018-01-01,4.16
JSWSTEEL.NS,2018-02-01,4.73
JSWSTEEL.NS,2018-03-01,4.69
JSWSTEEL.NS,2018-04-02,4.55
JSWSTEEL.NS,2018-05-02,4.73
JSWSTEEL.NS,2018-06-01,4.95
JSWSTEEL.NS,2018-07-02,4.56
JSWSTEEL.NS,2018-08-01,4.79
JSWSTEEL.NS,2018-09-03,5.57
JSWSTEEL.NS,2018-10-01,5.22
JSWSTEEL.NS,2018-11-01,4.67
JSWSTEEL.NS,2018-12-03,4.47
JSWSTEEL.NS,2019-01-01,4.37
JSWSTEEL.NS,2019-02-01,3.86
JSWSTEEL.NS,2019-03-01,3.98
JSWSTEEL.NS,2019-04-01,4.22
KOTAKBANK.NS,2016-04-01,10.25
KOTAKBANK.NS,2016-05-02,10.82
KOTAKBANK.NS,2016-06-01,11.05
KOTAKBANK.NS,2016-07-01,11.19
KOTAKBANK.NS,2016-08-01,11.29
KOTAKBANK.NS,2016-09-01,12.11
KOTAKBANK.NS,2016-10-03,11.84
KOTAKBANK.NS,2016-11-01,12.08
KOTAKBANK.NS,2016-12-01,10.9
KOTAKBANK.NS,2017-01-02,10.49
KOTAKBANK.NS,2017-02-01,11.52
KOTAKBANK.NS,2017-03-01,12.33
KOTAKBANK.NS,2017-04-03,13.48
KOTAKBANK.NS,2017-05-02,14.29
KOTAKBANK.NS,2017-06-01,14.93
KOTAKBANK.NS,2017-07-03,14.63
KOTAKBANK.NS,2017-08-01,15.84
KOTAKBANK.NS,2017-09-01,15.5
KOTAKBANK.NS,2017-10-03,15.37
KOTAKBANK.NS,2017-11-01,15.86
KOTAKBANK.NS,2017-12-01,15.58
KOTAKBANK.NS,2018-01-01,15.65
KOTAKBANK.NS,2018-02-01,17.51
KOTAKBANK.NS,2018-03-01,16.81
KOTAKBANK.NS,2018-04-02,16.83
KOTAKBANK.NS,2018-05-02,18.85
KOTAKBANK.NS,2018-06-01,19.64
KOTAKBANK.NS,2018-07-02,19.45
KOTAKBANK.NS,2018-08-01,19.2
KOTAKBANK.NS,2018-09-03,17.82
KOTAKBANK.NS,2018-10-01,15.39
KOTAKBANK.NS,2018-11-01,15.11
KOTAKBANK.NS,2018-12-03,17.41
KOTAKBANK.NS,2019-01-01,17.96
KOTAKBANK.NS,2019-02-01,17.62
KOTAKBANK.NS,2019-03-01,17.29
KOTAKBANK.NS,2019-04-01,19.32
LT.NS,2016-04-01,12.44
LT.NS,2016-05-02,12.56
LT.NS,2016-06-01,14.48
LT.NS,2016-07-01,15.27
LT.NS,2016-08-01,14.93
LT.NS,2016-09-01,15.01
LT.NS,2016-10-03,14.73
LT.NS,2016-11-01,14.62
LT.NS,2016-12-01,13.54
LT.NS,2017-01-02,13.3
LT.NS,2017-02-01,14.73
LT.NS,2017-03-01,14.72
LT.NS,2017-04-03,17.04
LT.NS,2017-05-02,17.98
LT.NS,2017-06-01,18.54
LT.NS,2017-07-03,17.34
LT.NS,2017-08-01,18.57
LT.NS,2017-09-01,17.79
LT.NS,2017-10-03,17.33
LT.NS,2017-11-01,18.81
LT.NS,2017-12-01,18.79
LT.NS,2018-01-01,19.74
LT.NS,2018-02-01,22.74
LT.NS,2018-03-01,20.18
LT.NS,2018-04-02,20.5
LT.NS,2018-05-02,21.05
LT.NS,2018-06-01,20.45
LT.NS,2018-07-02,18.26
LT.NS,2018-08-01,18.98
LT.NS,2018-09-03,19.14
LT.NS,2018-10-01,17.12
LT.NS,2018-11-01,18.06
LT.NS,2018-12-03,20.27
LT.NS,2019-01-01,20.71
LT.NS,2019-02-01,18.58
LT.NS,2019-03-01,18.46
LT.NS,2019-04-01,20.37
M&M.NS,2016-04-01,9.01
M&M.NS,2016-05-02,10.06
M&M.NS,2016-06-01,9.89
M&M.NS,2016-07-01,10.87
M&M.NS,2016-08-01,11.02
M&M.NS,2016-09-01,10.85
M&M.NS,2016-10-03,10.85
M&M.NS,2016-11-01,9.94
M&M.NS,2016-12-01,8.49
M&M.NS,2017-01-02,9.02
M&M.NS,2017-02-01,9.66
M&M.NS,2017-03-01,10.09
M&M.NS,2017-04-03,9.9
M&M.NS,2017-05-02,10.44
M&M.NS,2017-06-01,11.05
M&M.NS,2017-07-03,10.53
M&M.NS,2017-08-01,11.15
M&M.NS,2017-09-01,10.52
M&M.NS,2017-10-03,9.65
M&M.NS,2017-11-01,10.45
M&M.NS,2017-12-01,10.93
M&M.NS,2018-01-01,11.66
M&M.NS,2018-02-01,12.48
M&M.NS,2018-03-01,11.24
M&M.NS,2018-04-02,11.48
M&M.NS,2018-05-02,12.95
M&M.NS,2018-06-01,13.43
M&M.NS,2018-07-02,12.89
M&M.NS,2018-08-01,13.6
M&M.NS,2018-09-03,13.31
M&M.NS,2018-10-01,11.62
M&M.NS,2018-11-01,10.29
M&M.NS,2018-12-03,10.81
M&M.NS,2019-01-01,11.11
M&M.NS,2019-02-01,9.66
M&M.NS,2019-03-01,9.16
M&M.NS,2019-04-01,9.53
MARUTI.NS,2016-04-01,56.11
MARUTI.NS,2016-05-02,57.69
MARUTI.NS,2016-06-01,61.75
MARUTI.NS,2016-07-01,61.87
MARUTI.NS,2016-08-01,72.96
MARUTI.NS,2016-09-01,75.58
MARUTI.NS,2016-10-03,85.38
MARUTI.NS,2016-11-01,88.12
MARUTI.NS,2016-12-01,76.84
MARUTI.NS,2017-01-02,80.22
MARUTI.NS,2017-02-01,91.64
MARUTI.NS,2017-03-01,88.57
MARUTI.NS,2017-04-03,93.44
MARUTI.NS,2017-05-02,104.41
MARUTI.NS,2017-06-01,110.86
MARUTI.NS,2017-07-03,113.39
MARUTI.NS,2017-08-01,122.56
MARUTI.NS,2017-09-01,122.0
MARUTI.NS,2017-10-03,120.42
MARUTI.NS,2017-11-01,127.53
MARUTI.NS,2017-12-01,133.48
MARUTI.NS,2018-01-01,151.11
MARUTI.NS,2018-02-01,146.85
MARUTI.NS,2018-03-01,136.15
MARUTI.NS,2018-04-02,138.23
MARUTI.NS,2018-05-02,131.17
MARUTI.NS,2018-06-01,131.25
MARUTI.NS,2018-07-02,128.22
MARUTI.NS,2018-08-01,136.62
MARUTI.NS,2018-09-03,125.0
MARUTI.NS,2018-10-01,102.37
MARUTI.NS,2018-11-01,91.38
MARUTI.NS,2018-12-03,110.49
MARUTI.NS,2019-01-01,107.37
MARUTI.NS,2019-02-01,97.67
MARUTI.NS,2019-03-01,97.83
MARUTI.NS,2019-04-01,98.68
NTPC.NS,2016-04-01,1.63
NTPC.NS,2016-05-02,1.74
NTPC.NS,2016-06-01,1.79
NTPC.NS,2016-07-01,1.94
NTPC.NS,2016-08-01,1.99
NTPC.NS,2016-09-01,1.98
NTPC.NS,2016-10-03,1.89
NTPC.NS,2016-11-01,1.94
NTPC.NS,2016-12-01,1.97
NTPC.NS,2017-01-02,2.02
NTPC.NS,2017-02-01,2.11
NTPC.NS,2017-03-01,1.99
NTPC.NS,2017-04-03,2.11
NTPC.NS,2017-05-02,2.1
NTPC.NS,2017-06-01,2.08
NTPC.NS,2017-07-03,2.01
NTPC.NS,2017-08-01,2.15
NTPC.NS,2017-09-01,2.19
NTPC.NS,2017-10-03,2.14
NTPC.NS,2017-11-01,2.33
NTPC.NS,2017-12-01,2.34
NTPC.NS,2018-01-01,2.3
NTPC.NS,2018-02-01,2.2
NTPC.NS,2018-03-01,2.08
NTPC.NS,2018-04-02,2.18
NTPC.NS,2018-05-02,2.13
NTPC.NS,2018-06-01,2.04
NTPC.NS,2018-07-02,1.86
NTPC.NS,2018-08-01,1.89
NTPC.NS,2018-09-03,1.98
NTPC.NS,2018-10-01,1.94
NTPC.NS,2018-11-01,1.78
NTPC.NS,2018-12-03,1.71
NTPC.NS,2019-01-01,1.78
NTPC.NS,2019-02-01,1.64
NTPC.NS,2019-03-01,1.68
NTPC.NS,2019-04-01,1.95
ONGC.NS,2016-04-01,2.1
ONGC.NS,2016-05-02,2.19
ONGC.NS,2016-06-01,2.08
ONGC.NS,2016-07-01,2.23
ONGC.NS,2016-08-01,2.19
ONGC.NS,2016-09-01,2.36
ONGC.NS,2016-10-03,2.61
ONGC.NS,2016-11-01,2.89
ONGC.NS,2016-12-01,2.85
ONGC.NS,2017-01-02,2.82
ONGC.NS,2017-02-01,2.97
ONGC.NS,2017-03-01,2.9
ONGC.NS,2017-04-03,2.86
ONGC.NS,2017-05-02,3.0
ONGC.NS,2017-06-01,2.7
ONGC.NS,2017-07-03,2.45
ONGC.NS,2017-08-01,2.61
ONGC.NS,2017-09-01,2.5
ONGC.NS,2017-10-03,2.61
ONGC.NS,2017-11-01,2.96
ONGC.NS,2017-12-01,2.79
ONGC.NS,2018-01-01,3.01
ONGC.NS,2018-02-01,3.04
ONGC.NS,2018-03-01,2.91
ONGC.NS,2018-04-02,2.76
ONGC.NS,2018-05-02,2.7
ONGC.NS,2018-06-01,2.58
ONGC.NS,2018-07-02,2.26
ONGC.NS,2018-08-01,2.45
ONGC.NS,2018-09-03,2.49
ONGC.NS,2018-10-01,2.46
ONGC.NS,2018-11-01,2.1
ONGC.NS,2018-12-03,2.02
ONGC.NS,2019-01-01,2.13
ONGC.NS,2019-02-01,1.99
ONGC.NS,2019-03-01,2.1
ONGC.NS,2019-04-01,2.27
POWERGRID.NS,2016-04-01,2.08
POWERGRID.NS,2016-05-02,2.15
POWERGRID.NS,2016-06-01,2.21
POWERGRID.NS,2016-07-01,2.45
POWERGRID.NS,2016-08-01,2.66
POWERGRID.NS,2016-09-01,2.75
POWERGRID.NS,2016-10-03,2.72
POWERGRID.NS,2016-11-01,2.65
POWERGRID.NS,2016-12-01,2.7
POWERGRID.NS,2017-01-02,2.7
POWERGRID.NS,2017-02-01,3.05
POWERGRID.NS,2017-03-01,2.88
POWERGRID.NS,2017-04-03,3.02
POWERGRID.NS,2017-05-02,3.21
POWERGRID.NS,2017-06-01,3.22
POWERGRID.NS,2017-07-03,3.26
POWERGRID.NS,2017-08-01,3.5
POWERGRID.NS,2017-09-01,3.38
POWERGRID.NS,2017-10-03,3.15
POWERGRID.NS,2017-11-01,3.26
POWERGRID.NS,2017-12-01,3.15
POWERGRID.NS,2018-01-01,3.13
POWERGRID.NS,2018-02-01,3.04
POWERGRID.NS,2018-03-01,3.03
POWERGRID.NS,2018-04-02,2.99
POWERGRID.NS,2018-05-02,3.08
POWERGRID.NS,2018-06-01,3.07
POWERGRID.NS,2018-07-02,2.69
POWERGRID.NS,2018-08-01,2.7
POWERGRID.NS,2018-09-03,2.73
POWERGRID.NS,2018-10-01,2.64
POWERGRID.NS,2018-11-01,2.57
POWERGRID.NS,2018-12-03,2.61
POWERGRID.NS,2019-01-01,2.87
POWERGRID.NS,2019-02-01,2.67
POWERGRID.NS,2019-03-01,2.58
POWERGRID.NS,2019-04-01,2.82
RELIANCE.NS,2016-04-01,7.8
RELIANCE.NS,2016-05-02,7.43
RELIANCE.NS,2016-06-01,7.07
RELIANCE.NS,2016-07-01,7.23
RELIANCE.NS,2016-08-01,7.57
RELIANCE.NS,2016-09-01,7.69
RELIANCE.NS,2016-10-03,8.2
RELIANCE.NS,2016-11-01,7.88
RELIANCE.NS,2016-12-01,7.3
RELIANCE.NS,2017-01-02,7.96
RELIANCE.NS,2017-02-01,7.78
RELIANCE.NS,2017-03-01,9.24
RELIANCE.NS,2017-04-03,10.58
RELIANCE.NS,2017-05-02,10.67
RELIANCE.NS,2017-06-01,10.3
RELIANCE.NS,2017-07-03,10.65
RELIANCE.NS,2017-08-01,12.51
RELIANCE.NS,2017-09-01,12.57
RELIANCE.NS,2017-10-03,12.19
RELIANCE.NS,2017-11-01,14.75
RELIANCE.NS,2017-12-01,14.11
RELIANCE.NS,2018-01-01,14.24
RELIANCE.NS,2018-02-01,14.74
RELIANCE.NS,2018-03-01,14.55
RELIANCE.NS,2018-04-02,13.7
RELIANCE.NS,2018-05-02,14.59
RELIANCE.NS,2018-06-01,13.87
RELIANCE.NS,2018-07-02,13.96
RELIANCE.NS,2018-08-01,17.44
RELIANCE.NS,2018-09-03,17.26
RELIANCE.NS,2018-10-01,16.89
RELIANCE.NS,2018-11-01,14.38
RELIANCE.NS,2018-12-03,16.42
RELIANCE.NS,2019-01-01,16.1
RELIANCE.NS,2019-02-01,17.53
RELIANCE.NS,2019-03-01,17.29
RELIANCE.NS,2019-04-01,20.08
SBIN.NS,2016-04-01,2.95
SBIN.NS,2016-05-02,2.8
SBIN.NS,2016-06-01,2.94
SBIN.NS,2016-07-01,3.26
SBIN.NS,2016-08-01,3.41
SBIN.NS,2016-09-01,3.76
SBIN.NS,2016-10-03,3.84
SBIN.NS,2016-11-01,3.88
SBIN.NS,2016-12-01,3.74
SBIN.NS,2017-01-02,3.58
SBIN.NS,2017-02-01,4.01
SBIN.NS,2017-03-01,4.07
SBIN.NS,2017-04-03,4.51
SBIN.NS,2017-05-02,4.49
SBIN.NS,2017-06-01,4.46
SBIN.NS,2017-07-03,4.24
SBIN.NS,2017-08-01,4.82
SBIN.NS,2017-09-01,4.34
SBIN.NS,2017-10-03,3.84
SBIN.NS,2017-11-01,4.95
SBIN.NS,2017-12-01,4.85
SBIN.NS,2018-01-01,4.81
SBIN.NS,2018-02-01,4.78
SBIN.NS,2018-03-01,4.02
SBIN.NS,2018-04-02,3.78
SBIN.NS,2018-05-02,3.62
SBIN.NS,2018-06-01,3.97
SBIN.NS,2018-07-02,3.76
SBIN.NS,2018-08-01,4.32
SBIN.NS,2018-09-03,4.3
SBIN.NS,2018-10-01,3.76
SBIN.NS,2018-11-01,3.89
SBIN.NS,2018-12-03,4.07
SBIN.NS,2019-01-01,4.3
SBIN.NS,2019-02-01,3.99
SBIN.NS,2019-03-01,3.85
SBIN.NS,2019-04-01,4.66
SUNPHARMA.NS,2016-04-01,12.28
SUNPHARMA.NS,2016-05-02,12.23
SUNPHARMA.NS,2016-06-01,11.19
SUNPHARMA.NS,2016-07-01,11.34
SUNPHARMA.NS,2016-08-01,12.53
SUNPHARMA.NS,2016-09-01,11.5
SUNPHARMA.NS,2016-10-03,11.38
SUNPHARMA.NS,2016-11-01,11.0
SUNPHARMA.NS,2016-12-01,10.56
SUNPHARMA.NS,2017-01-02,9.31
SUNPHARMA.NS,2017-02-01,9.28
SUNPHARMA.NS,2017-03-01,10.39
SUNPHARMA.NS,2017-04-03,10.65
SUNPHARMA.NS,2017-05-02,9.85
SUNPHARMA.NS,2017-06-01,7.87
SUNPHARMA.NS,2017-07-03,8.51
SUNPHARMA.NS,2017-08-01,8.33
SUNPHARMA.NS,2017-09-01,7.59
SUNPHARMA.NS,2017-10-03,7.67
SUNPHARMA.NS,2017-11-01,8.49
SUNPHARMA.NS,2017-12-01,8.15
SUNPHARMA.NS,2018-01-01,8.99
SUNPHARMA.NS,2018-02-01,8.66
SUNPHARMA.NS,2018-03-01,8.21
SUNPHARMA.NS,2018-04-02,7.79
SUNPHARMA.NS,2018-05-02,7.73
SUNPHARMA.NS,2018-06-01,7.22
SUNPHARMA.NS,2018-07-02,8.19
SUNPHARMA.NS,2018-08-01,8.4
SUNPHARMA.NS,2018-09-03,9.21
SUNPHARMA.NS,2018-10-01,8.71
SUNPHARMA.NS,2018-11-01,7.79
SUNPHARMA.NS,2018-12-03,6.47
SUNPHARMA.NS,2019-01-01,6.23
SUNPHARMA.NS,2019-02-01,5.94
SUNPHARMA.NS,2019-03-01,6.31
SUNPHARMA.NS,2019-04-01,6.91
TCS.NS,2016-04-01,18.49
TCS.NS,2016-05-02,19.03
TCS.NS,2016-06-01,19.52
TCS.NS,2016-07-01,18.57
TCS.NS,2016-08-01,20.3
TCS.NS,2016-09-01,18.72
TCS.NS,2016-10-03,18.12
TCS.NS,2016-11-01,17.61
TCS.NS,2016-12-01,16.56
TCS.NS,2017-01-02,17.33
TCS.NS,2017-02-01,16.08
TCS.NS,2017-03-01,18.55
TCS.NS,2017-04-03,18.56
TCS.NS,2017-05-02,17.83
TCS.NS,2017-06-01,19.81
TCS.NS,2017-07-03,18.3
TCS.NS,2017-08-01,19.51
TCS.NS,2017-09-01,19.18
TCS.NS,2017-10-03,18.69
TCS.NS,2017-11-01,20.15
TCS.NS,2017-12-01,20.39
TCS.NS,2018-01-01,20.71
TCS.NS,2018-02-01,24.51
TCS.NS,2018-03-01,23.3
TCS.NS,2018-04-02,22.32
TCS.NS,2018-05-02,26.25
TCS.NS,2018-06-01,25.81
TCS.NS,2018-07-02,26.91
TCS.NS,2018-08-01,28.91
TCS.NS,2018-09-03,28.83
TCS.NS,2018-10-01,30.94
TCS.NS,2018-11-01,26.36
TCS.NS,2018-12-03,28.15
TCS.NS,2019-01-01,27.33
TCS.NS,2019-02-01,28.48
TCS.NS,2019-03-01,28.15
TCS.NS,2019-04-01,29.31
TATAMOTORS.NS,2016-04-01,5.72
TATAMOTORS.NS,2016-05-02,6.14
TATAMOTORS.NS,2016-06-01,6.66
TATAMOTORS.NS,2016-07-01,6.8
TATAMOTORS.NS,2016-08-01,7.62
TATAMOTORS.NS,2016-09-01,8.12
TATAMOTORS.NS,2016-10-03,8.13
TATAMOTORS.NS,2016-11-01,7.95
TATAMOTORS.NS,2016-12-01,6.56
TATAMOTORS.NS,2017-01-02,7.15
TATAMOTORS.NS,2017-02-01,8.04
TATAMOTORS.NS,2017-03-01,6.72
TATAMOTORS.NS,2017-04-03,7.24
TATAMOTORS.NS,2017-05-02,7.03
TATAMOTORS.NS,2017-06-01,7.39
TATAMOTORS.NS,2017-07-03,6.63
TATAMOTORS.NS,2017-08-01,6.97
TATAMOTORS.NS,2017-09-01,6.1
TATAMOTORS.NS,2017-10-03,6.35
TATAMOTORS.NS,2017-11-01,6.78
TATAMOTORS.NS,2017-12-01,6.18
TATAMOTORS.NS,2018-01-01,6.64
TATAMOTORS.NS,2018-02-01,6.15
TATAMOTORS.NS,2018-03-01,5.69
TATAMOTORS.NS,2018-04-02,5.2
TATAMOTORS.NS,2018-05-02,5.04
TATAMOTORS.NS,2018-06-01,4.28
TATAMOTORS.NS,2018-07-02,3.88
TATAMOTORS.NS,2018-08-01,3.88
TATAMOTORS.NS,2018-09-03,3.74
TATAMOTORS.NS,2018-10-01,3.15
TATAMOTORS.NS,2018-11-01,2.44
TATAMOTORS.NS,2018-12-03,2.49
TATAMOTORS.NS,2019-01-01,2.49
TATAMOTORS.NS,2019-02-01,2.55
TATAMOTORS.NS,2019-03-01,2.54
TATAMOTORS.NS,2019-04-01,2.7
TATASTEEL.NS,2016-04-01,4.56
TATASTEEL.NS,2016-05-02,4.98
TATASTEEL.NS,2016-06-01,4.69
TATASTEEL.NS,2016-07-01,4.64
TATASTEEL.NS,2016-08-01,5.21
TATASTEEL.NS,2016-09-01,5.33
TATASTEEL.NS,2016-10-03,5.48
TATASTEEL.NS,2016-11-01,5.97
TATASTEEL.NS,2016-12-01,5.71
TATASTEEL.NS,2017-01-02,5.69
TATASTEEL.NS,2017-02-01,6.71
TATASTEEL.NS,2017-03-01,7.13
TATASTEEL.NS,2017-04-03,7.12
TATASTEEL.NS,2017-05-02,6.6
TATASTEEL.NS,2017-06-01,7.35
TATASTEEL.NS,2017-07-03,8.09
TATASTEEL.NS,2017-08-01,8.51
TATASTEEL.NS,2017-09-01,9.69
TATASTEEL.NS,2017-10-03,9.61
TATASTEEL.NS,2017-11-01,10.43
TATASTEEL.NS,2017-12-01,10.06
TATASTEEL.NS,2018-01-01,10.77
TATASTEEL.NS,2018-02-01,10.88
TATASTEEL.NS,2018-03-01,10.36
TATASTEEL.NS,2018-04-02,8.88
TATASTEEL.NS,2018-05-02,8.62
TATASTEEL.NS,2018-06-01,8.35
TATASTEEL.NS,2018-07-02,8.15
TATASTEEL.NS,2018-08-01,8.13
TATASTEEL.NS,2018-09-03,8.44
TATASTEEL.NS,2018-10-01,8.0
TATASTEEL.NS,2018-11-01,7.58
TATASTEEL.NS,2018-12-03,7.64
TATASTEEL.NS,2019-01-01,7.41
TATASTEEL.NS,2019-02-01,6.66
TATASTEEL.NS,2019-03-01,7.16
TATASTEEL.NS,2019-04-01,7.72
TECHM.NS,2016-04-01,6.98
TECHM.NS,2016-05-02,7.19
TECHM.NS,2016-06-01,8.0
TECHM.NS,2016-07-01,7.6
TECHM.NS,2016-08-01,7.35
TECHM.NS,2016-09-01,7.01
TECHM.NS,2016-10-03,6.32
TECHM.NS,2016-11-01,6.5
TECHM.NS,2016-12-01,6.95
TECHM.NS,2017-01-02,7.16
TECHM.NS,2017-02-01,6.67
TECHM.NS,2017-03-01,7.48
TECHM.NS,2017-04-03,6.97
TECHM.NS,2017-05-02,6.51
TECHM.NS,2017-06-01,6.17
TECHM.NS,2017-07-03,5.88
TECHM.NS,2017-08-01,6.28
TECHM.NS,2017-09-01,6.61
TECHM.NS,2017-10-03,7.07
TECHM.NS,2017-11-01,7.56
TECHM.NS,2017-12-01,7.33
TECHM.NS,2018-01-01,7.88
TECHM.NS,2018-02-01,9.54
TECHM.NS,2018-03-01,9.39
TECHM.NS,2018-04-02,9.83
TECHM.NS,2018-05-02,9.94
TECHM.NS,2018-06-01,10.45
TECHM.NS,2018-07-02,9.55
TECHM.NS,2018-08-01,9.96
TECHM.NS,2018-09-03,10.47
TECHM.NS,2018-10-01,10.42
TECHM.NS,2018-11-01,9.81
TECHM.NS,2018-12-03,10.12
TECHM.NS,2019-01-01,10.33
TECHM.NS,2019-02-01,10.47
TECHM.NS,2019-03-01,11.73
TECHM.NS,2019-04-01,11.33
TITAN.NS,2016-04-01,5.12
TITAN.NS,2016-05-02,5.54
TITAN.NS,2016-06-01,5.33
TITAN.NS,2016-07-01,6.03
TITAN.NS,2016-08-01,6.33
TITAN.NS,2016-09-01,6.18
TITAN.NS,2016-10-03,6.11
TITAN.NS,2016-11-01,5.59
TITAN.NS,2016-12-01,4.75
TITAN.NS,2017-01-02,4.9
TITAN.NS,2017-02-01,5.49
TITAN.NS,2017-03-01,6.56
TITAN.NS,2017-04-03,7.07
TITAN.NS,2017-05-02,7.55
TITAN.NS,2017-06-01,7.3
TITAN.NS,2017-07-03,8.21
TITAN.NS,2017-08-01,8.41
TITAN.NS,2017-09-01,9.58
TITAN.NS,2017-10-03,9.16
TITAN.NS,2017-11-01,9.87
TITAN.NS,2017-12-01,12.49
TITAN.NS,2018-01-01,13.35
TITAN.NS,2018-02-01,12.98
TITAN.NS,2018-03-01,12.43
TITAN.NS,2018-04-02,14.49
TITAN.NS,2018-05-02,14.47
TITAN.NS,2018-06-01,13.41
TITAN.NS,2018-07-02,13.04
TITAN.NS,2018-08-01,13.42
TITAN.NS,2018-09-03,12.82
TITAN.NS,2018-10-01,11.11
TITAN.NS,2018-11-01,11.63
TITAN.NS,2018-12-03,13.3
TITAN.NS,2019-01-01,13.33
TITAN.NS,2019-02-01,13.91
TITAN.NS,2019-03-01,14.41
TITAN.NS,2019-04-01,16.16
ULTRACEMCO.NS,2016-04-01,48.28
ULTRACEMCO.NS,2016-05-02,47.83
ULTRACEMCO.NS,2016-06-01,47.86
ULTRACEMCO.NS,2016-07-01,50.86
ULTRACEMCO.NS,2016-08-01,56.31
ULTRACEMCO.NS,2016-09-01,60.68
ULTRACEMCO.NS,2016-10-03,59.04
ULTRACEMCO.NS,2016-11-01,59.62
ULTRACEMCO.NS,2016-12-01,52.24
ULTRACEMCO.NS,2017-01-02,49.48
ULTRACEMCO.NS,2017-02-01,56.06
ULTRACEMCO.NS,2017-03-01,55.83
ULTRACEMCO.NS,2017-04-03,61.96
ULTRACEMCO.NS,2017-05-02,65.49
ULTRACEMCO.NS,2017-06-01,65.13
ULTRACEMCO.NS,2017-07-03,61.66
ULTRACEMCO.NS,2017-08-01,63.46
ULTRACEMCO.NS,2017-09-01,62.46
ULTRACEMCO.NS,2017-10-03,59.46
ULTRACEMCO.NS,2017-11-01,68.52
ULTRACEMCO.NS,2017-12-01,64.89
ULTRACEMCO.NS,2018-01-01,66.63
ULTRACEMCO.NS,2018-02-01,68.59
ULTRACEMCO.NS,2018-03-01,63.73
ULTRACEMCO.NS,2018-04-02,61.05
ULTRACEMCO.NS,2018-05-02,60.25
ULTRACEMCO.NS,2018-06-01,54.95
ULTRACEMCO.NS,2018-07-02,54.91
ULTRACEMCO.NS,2018-08-01,61.33
ULTRACEMCO.NS,2018-09-03,61.41
ULTRACEMCO.NS,2018-10-01,54.04
ULTRACEMCO.NS,2018-11-01,49.04
ULTRACEMCO.NS,2018-12-03,57.48
ULTRACEMCO.NS,2019-01-01,57.58
ULTRACEMCO.NS,2019-02-01,48.87
ULTRACEMCO.NS,2019-03-01,54.71
ULTRACEMCO.NS,2019-04-01,58.47
UPL.NS,2016-04-01,7.03
UPL.NS,2016-05-02,8.96
UPL.NS,2016-06-01,8.77
UPL.NS,2016-07-01,8.32
UPL.NS,2016-08-01,9.17
UPL.NS,2016-09-01,9.37
UPL.NS,2016-10-03,10.22
UPL.NS,2016-11-01,10.59
UPL.NS,2016-12-01,9.52
UPL.NS,2017-01-02,9.67
UPL.NS,2017-02-01,10.99
UPL.NS,2017-03-01,10.73
UPL.NS,2017-04-03,11.32
UPL.NS,2017-05-02,12.53
UPL.NS,2017-06-01,13.6
UPL.NS,2017-07-03,13.2
UPL.NS,2017-08-01,13.95
UPL.NS,2017-09-01,13.0
UPL.NS,2017-10-03,12.15
UPL.NS,2017-11-01,12.11
UPL.NS,2017-12-01,11.32
UPL.NS,2018-01-01,11.83
UPL.NS,2018-02-01,11.85
UPL.NS,2018-03-01,10.96
UPL.NS,2018-04-02,11.55
UPL.NS,2018-05-02,11.0
UPL.NS,2018-06-01,10.4
UPL.NS,2018-07-02,9.08
UPL.NS,2018-08-01,9.39
UPL.NS,2018-09-03,10.12
UPL.NS,2018-10-01,9.13
UPL.NS,2018-11-01,9.47
UPL.NS,2018-12-03,10.4
UPL.NS,2019-01-01,10.82
UPL.NS,2019-02-01,10.94
UPL.NS,2019-03-01,12.27
UPL.NS,2019-04-01,13.48
VEDL.NS,2016-04-01,1.36
VEDL.NS,2016-05-02,1.67
VEDL.NS,2016-06-01,1.56
VEDL.NS,2016-07-01,2.01
VEDL.NS,2016-08-01,2.49
VEDL.NS,2016-09-01,2.54
VEDL.NS,2016-10-03,2.69
VEDL.NS,2016-11-01,3.3
VEDL.NS,2016-12-01,3.32
VEDL.NS,2017-01-02,3.24
VEDL.NS,2017-02-01,3.86
VEDL.NS,2017-03-01,3.97
VEDL.NS,2017-04-03,4.2
VEDL.NS,2017-05-02,3.77
VEDL.NS,2017-06-01,3.59
VEDL.NS,2017-07-03,3.92
VEDL.NS,2017-08-01,4.4
VEDL.NS,2017-09-01,4.92
VEDL.NS,2017-10-03,4.86
VEDL.NS,2017-11-01,5.32
VEDL.NS,2017-12-01,4.45
VEDL.NS,2018-01-01,5.1
VEDL.NS,2018-02-01,5.33
VEDL.NS,2018-03-01,4.96
VEDL.NS,2018-04-02,4.33
VEDL.NS,2018-05-02,4.25
VEDL.NS,2018-06-01,3.7
VEDL.NS,2018-07-02,3.49
VEDL.NS,2018-08-01,3.19
VEDL.NS,2018-09-03,3.21
VEDL.NS,2018-10-01,3.19
VEDL.NS,2018-11-01,2.9
VEDL.NS,2018-12-03,2.88
VEDL.NS,2019-01-01,2.9
VEDL.NS,2019-02-01,2.27
VEDL.NS,2019-03-01,2.45
VEDL.NS,2019-04-01,2.73
WIPRO.NS,2016-04-01,3.18
WIPRO.NS,2016-05-02,3.1
WIPRO.NS,2016-06-01,3.08
WIPRO.NS,2016-07-01,3.11
WIPRO.NS,2016-08-01,3.14
WIPRO.NS,2016-09-01,2.71
WIPRO.NS,2016-10-03,2.7
WIPRO.NS,2016-11-01,2.59
WIPRO.NS,2016-12-01,2.57
WIPRO.NS,2017-01-02,2.6
WIPRO.NS,2017-02-01,2.54
WIPRO.NS,2017-03-01,2.74
WIPRO.NS,2017-04-03,2.93
WIPRO.NS,2017-05-02,2.89
WIPRO.NS,2017-06-01,3.15
WIPRO.NS,2017-07-03,3.0
WIPRO.NS,2017-08-01,3.45
WIPRO.NS,2017-09-01,3.47
WIPRO.NS,2017-10-03,3.24
WIPRO.NS,2017-11-01,3.41
WIPRO.NS,2017-12-01,3.37
WIPRO.NS,2018-01-01,3.72
WIPRO.NS,2018-02-01,3.52
WIPRO.NS,2018-03-01,3.37
WIPRO.NS,2018-04-02,3.33
WIPRO.NS,2018-05-02,3.1
WIPRO.NS,2018-06-01,2.91
WIPRO.NS,2018-07-02,2.84
WIPRO.NS,2018-08-01,3.04
WIPRO.NS,2018-09-03,3.25
WIPRO.NS,2018-10-01,3.4
WIPRO.NS,2018-11-01,3.37
WIPRO.NS,2018-12-03,3.5
WIPRO.NS,2019-01-01,3.52
WIPRO.NS,2019-02-01,3.91
WIPRO.NS,2019-03-01,3.97
WIPRO.NS,2019-04-01,3.77
YESBANK.NS,2016-04-01,2.58
YESBANK.NS,2016-05-02,2.85
YESBANK.NS,2016-06-01,3.02
YESBANK.NS,2016-07-01,3.36
YESBANK.NS,2016-08-01,3.66
YESBANK.NS,2016-09-01,4.08
YESBANK.NS,2016-10-03,3.82
YESBANK.NS,2016-11-01,3.75
YESBANK.NS,2016-12-01,3.4
YESBANK.NS,2017-01-02,3.36
YESBANK.NS,2017-02-01,4.19
YESBANK.NS,2017-03-01,4.35
YESBANK.NS,2017-04-03,4.74
YESBANK.NS,2017-05-02,5.09
YESBANK.NS,2017-06-01,4.48
YESBANK.NS,2017-07-03,4.6
YESBANK.NS,2017-08-01,5.7
YESBANK.NS,2017-09-01,5.55
YESBANK.NS,2017-10-03,5.36
YESBANK.NS,2017-11-01,4.94
YESBANK.NS,2017-12-01,4.76
YESBANK.NS,2018-01-01,4.89
YESBANK.NS,2018-02-01,5.62
YESBANK.NS,2018-03-01,4.93
YESBANK.NS,2018-04-02,4.7
YESBANK.NS,2018-05-02,5.31
YESBANK.NS,2018-06-01,5.11
YESBANK.NS,2018-07-02,4.9
YESBANK.NS,2018-08-01,5.35
YESBANK.NS,2018-09-03,4.76
YESBANK.NS,2018-10-01,2.75
YESBANK.NS,2018-11-01,2.78
YESBANK.NS,2018-12-03,2.53
YESBANK.NS,2019-01-01,2.65
YESBANK.NS,2019-02-01,2.6
YESBANK.NS,2019-03-01,3.35
YESBANK.NS,2019-04-01,3.98
ZEEL.NS,2016-04-01,5.83
ZEEL.NS,2016-05-02,6.27
ZEEL.NS,2016-06-01,6.67
ZEEL.NS,2016-07-01,6.72
ZEEL.NS,2016-08-01,7.57
ZEEL.NS,2016-09-01,8.0
ZEEL.NS,2016-10-03,8.7
ZEEL.NS,2016-11-01,7.64
ZEEL.NS,2016-12-01,6.69
ZEEL.NS,2017-01-02,6.63
ZEEL.NS,2017-02-01,7.48
ZEEL.NS,2017-03-01,7.58
ZEEL.NS,2017-04-03,8.13
ZEEL.NS,2017-05-02,8.32
ZEEL.NS,2017-06-01,8.1
ZEEL.NS,2017-07-03,7.56
ZEEL.NS,2017-08-01,8.48
ZEEL.NS,2017-09-01,8.18
ZEEL.NS,2017-10-03,7.97
ZEEL.NS,2017-11-01,8.29
ZEEL.NS,2017-12-01,8.63
ZEEL.NS,2018-01-01,9.07
ZEEL.NS,2018-02-01,9.29
ZEEL.NS,2018-03-01,8.52
ZEEL.NS,2018-04-02,8.88
ZEEL.NS,2018-05-02,8.94
ZEEL.NS,2018-06-01,8.32
ZEEL.NS,2018-07-02,7.84
ZEEL.NS,2018-08-01,7.7
ZEEL.NS,2018-09-03,7.02
ZEEL.NS,2018-10-01,6.03
ZEEL.NS,2018-11-01,6.08
ZEEL.NS,2018-12-03,6.75
ZEEL.NS,2019-01-01,6.9
ZEEL.NS,2019-02-01,4.97
ZEEL.NS,2019-03-01,6.86
ZEEL.NS,2019-04-01,6.23
^GSPC,2016-04-01,2072.78
^GSPC,2016-05-02,2081.43
^GSPC,2016-06-01,2099.33
^GSPC,2016-07-01,2102.95
^GSPC,2016-08-01,2170.84
^GSPC,2016-09-01,2170.86
^GSPC,2016-10-03,2161.2
^GSPC,2016-11-01,2111.72
^GSPC,2016-12-01,2191.08
^GSPC,2017-01-03,2257.83
^GSPC,2017-02-01,2279.55
^GSPC,2017-03-01,2395.96
^GSPC,2017-04-03,2358.84
^GSPC,2017-05-01,2388.33
^GSPC,2017-06-01,2430.06
^GSPC,2017-07-03,2429.01
^GSPC,2017-08-01,2476.35
^GSPC,2017-09-01,2476.55
^GSPC,2017-10-02,2529.12
^GSPC,2017-11-01,2579.36
^GSPC,2017-12-01,2642.22
^GSPC,2018-01-02,2695.81
^GSPC,2018-02-01,2821.98
^GSPC,2018-03-01,2677.67
^GSPC,2018-04-02,2581.88
^GSPC,2018-05-01,2654.8
^GSPC,2018-06-01,2734.62
^GSPC,2018-07-02,2726.71
^GSPC,2018-08-01,2813.36
^GSPC,2018-09-04,2896.72
^GSPC,2018-10-01,2924.59
^GSPC,2018-11-01,2740.37
^GSPC,2018-12-03,2790.37
^GSPC,2019-01-02,2510.03
^GSPC,2019-02-01,2706.53
^GSPC,2019-03-01,2803.69
^GSPC,2019-04-01,2867.19
^GSPC,2019-05-01,2923.73
^BSESN,2016-04-01,25269.64
^BSESN,2016-05-02,25436.97
^BSESN,2016-06-01,26713.93
^BSESN,2016-07-01,27144.91
^BSESN,2016-08-01,28003.12
^BSESN,2016-09-01,28423.48
^BSESN,2016-10-03,28243.29
^BSESN,2016-11-01,27876.61
^BSESN,2016-12-01,26559.92
^BSESN,2017-01-02,26595.45
^BSESN,2017-02-01,28141.64
^BSESN,2017-03-01,28984.49
^BSESN,2017-04-03,29910.22
^BSESN,2017-05-02,29921.18
^BSESN,2017-06-01,31137.59
^BSESN,2017-07-03,31221.62
^BSESN,2017-08-01,32575.17
^BSESN,2017-09-01,31892.23
^BSESN,2017-10-03,31497.38
^BSESN,2017-11-01,33600.27
^BSESN,2017-12-01,32832.94
^BSESN,2018-01-01,33812.75
^BSESN,2018-02-01,35906.66
^BSESN,2018-03-01,34046.94
^BSESN,2018-04-02,33255.36
^BSESN,2018-05-02,35176.42
^BSESN,2018-06-01,35227.26
^BSESN,2018-07-02,35264.41
^BSESN,2018-08-01,37521.62
^BSESN,2018-09-03,38312.52
^BSESN,2018-10-01,36526.14
^BSESN,2018-11-01,34431.97
^BSESN,2018-12-03,36241.0
^BSESN,2019-01-02,35891.52
^BSESN,2019-02-01,36469.43
^BSESN,2019-03-01,36063.81
^BSESN,2019-04-01,38871.87
